-- MySQL dump 10.13  Distrib 5.1.55, for Win32 (ia32)
--
-- Host: localhost    Database: exam_online
-- ------------------------------------------------------
-- Server version	5.1.55-community

/*!40101 SET @OLD_CHARACTER_SET_CLIENT=@@CHARACTER_SET_CLIENT */;
/*!40101 SET @OLD_CHARACTER_SET_RESULTS=@@CHARACTER_SET_RESULTS */;
/*!40101 SET @OLD_COLLATION_CONNECTION=@@COLLATION_CONNECTION */;
/*!40101 SET NAMES utf8 */;
/*!40103 SET @OLD_TIME_ZONE=@@TIME_ZONE */;
/*!40103 SET TIME_ZONE='+00:00' */;
/*!40014 SET @OLD_UNIQUE_CHECKS=@@UNIQUE_CHECKS, UNIQUE_CHECKS=0 */;
/*!40014 SET @OLD_FOREIGN_KEY_CHECKS=@@FOREIGN_KEY_CHECKS, FOREIGN_KEY_CHECKS=0 */;
/*!40101 SET @OLD_SQL_MODE=@@SQL_MODE, SQL_MODE='NO_AUTO_VALUE_ON_ZERO' */;
/*!40111 SET @OLD_SQL_NOTES=@@SQL_NOTES, SQL_NOTES=0 */;

--
-- Table structure for table `admin`
--

DROP TABLE IF EXISTS `admin`;
/*!40101 SET @saved_cs_client     = @@character_set_client */;
/*!40101 SET character_set_client = utf8 */;
CREATE TABLE `admin` (
  `adminId` char(32) NOT NULL,
  `password` varchar(32) NOT NULL,
  `managerName` varchar(32) NOT NULL,
  PRIMARY KEY (`adminId`)
) ENGINE=InnoDB DEFAULT CHARSET=utf8;
/*!40101 SET character_set_client = @saved_cs_client */;

--
-- Dumping data for table `admin`
--

LOCK TABLES `admin` WRITE;
/*!40000 ALTER TABLE `admin` DISABLE KEYS */;
INSERT INTO `admin` VALUES ('1','96e79218965eb72c92a549dd5a330112','管理员');
/*!40000 ALTER TABLE `admin` ENABLE KEYS */;
UNLOCK TABLES;

--
-- Table structure for table `admin_contact_info`
--

DROP TABLE IF EXISTS `admin_contact_info`;
/*!40101 SET @saved_cs_client     = @@character_set_client */;
/*!40101 SET character_set_client = utf8 */;
CREATE TABLE `admin_contact_info` (
  `contackId` char(32) NOT NULL,
  `adminId` char(32) NOT NULL,
  `content` varchar(100) NOT NULL,
  `type` tinyint(4) NOT NULL,
  PRIMARY KEY (`contackId`),
  KEY `FK_Reference_38` (`adminId`),
  CONSTRAINT `FK_admin_contact_info_1` FOREIGN KEY (`adminId`) REFERENCES `admin` (`adminId`) ON DELETE CASCADE ON UPDATE CASCADE
) ENGINE=InnoDB DEFAULT CHARSET=utf8;
/*!40101 SET character_set_client = @saved_cs_client */;

--
-- Dumping data for table `admin_contact_info`
--

LOCK TABLES `admin_contact_info` WRITE;
/*!40000 ALTER TABLE `admin_contact_info` DISABLE KEYS */;
/*!40000 ALTER TABLE `admin_contact_info` ENABLE KEYS */;
UNLOCK TABLES;

--
-- Table structure for table `course`
--

DROP TABLE IF EXISTS `course`;
/*!40101 SET @saved_cs_client     = @@character_set_client */;
/*!40101 SET character_set_client = utf8 */;
CREATE TABLE `course` (
  `courseId` char(32) NOT NULL,
  `organId` char(32) DEFAULT NULL,
  `courseName` varchar(32) NOT NULL,
  `type` tinyint(4) DEFAULT NULL,
  PRIMARY KEY (`courseId`)
) ENGINE=InnoDB DEFAULT CHARSET=utf8;
/*!40101 SET character_set_client = @saved_cs_client */;

--
-- Dumping data for table `course`
--

LOCK TABLES `course` WRITE;
/*!40000 ALTER TABLE `course` DISABLE KEYS */;
INSERT INTO `course` VALUES ('2c9a8ef43287c213013287cafdc90002',NULL,'Java',1),('2c9a8ef432ae883b0132ae89d4790001',NULL,'计算机基础',NULL);
/*!40000 ALTER TABLE `course` ENABLE KEYS */;
UNLOCK TABLES;

--
-- Table structure for table `exam`
--

DROP TABLE IF EXISTS `exam`;
/*!40101 SET @saved_cs_client     = @@character_set_client */;
/*!40101 SET character_set_client = utf8 */;
CREATE TABLE `exam` (
  `examId` char(32) NOT NULL,
  `courseId` char(32) NOT NULL,
  `teacherId` char(32) NOT NULL,
  `paperId` char(32) NOT NULL,
  `examExplain` mediumtext,
  `examName` varchar(100) NOT NULL,
  `createtime` datetime NOT NULL,
  `latestStartTime` int(10) unsigned NOT NULL,
  `judgeEnd` tinyint(1) NOT NULL DEFAULT '0',
  `rollExam` tinyint(1) NOT NULL DEFAULT '0',
  `isQuestionOutOfOrder` tinyint(1) NOT NULL DEFAULT '0',
  `isPaperStructureOutOfOrder` tinyint(1) NOT NULL DEFAULT '0',
  `showScore` tinyint(1) NOT NULL DEFAULT '0',
  `isStep` tinyint(1) NOT NULL DEFAULT '0',
  PRIMARY KEY (`examId`),
  KEY `FK_Reference_29` (`courseId`),
  KEY `FK_Reference_34` (`teacherId`),
  KEY `FK_Reference_35` (`paperId`),
  CONSTRAINT `FK_Reference_29` FOREIGN KEY (`courseId`) REFERENCES `course` (`courseId`) ON DELETE CASCADE ON UPDATE CASCADE,
  CONSTRAINT `FK_Reference_34` FOREIGN KEY (`teacherId`) REFERENCES `teacher` (`teacherId`) ON DELETE CASCADE ON UPDATE CASCADE,
  CONSTRAINT `FK_Reference_35` FOREIGN KEY (`paperId`) REFERENCES `paper` (`paperId`) ON DELETE CASCADE ON UPDATE CASCADE
) ENGINE=InnoDB DEFAULT CHARSET=utf8;
/*!40101 SET character_set_client = @saved_cs_client */;

--
-- Dumping data for table `exam`
--

LOCK TABLES `exam` WRITE;
/*!40000 ALTER TABLE `exam` DISABLE KEYS */;
/*!40000 ALTER TABLE `exam` ENABLE KEYS */;
UNLOCK TABLES;

--
-- Table structure for table `exam_group`
--

DROP TABLE IF EXISTS `exam_group`;
/*!40101 SET @saved_cs_client     = @@character_set_client */;
/*!40101 SET character_set_client = utf8 */;
CREATE TABLE `exam_group` (
  `id` char(32) NOT NULL,
  `name` varchar(128) NOT NULL,
  `description` text,
  `available` tinyint(1) NOT NULL DEFAULT '0',
  PRIMARY KEY (`id`)
) ENGINE=InnoDB DEFAULT CHARSET=utf8;
/*!40101 SET character_set_client = @saved_cs_client */;

--
-- Dumping data for table `exam_group`
--

LOCK TABLES `exam_group` WRITE;
/*!40000 ALTER TABLE `exam_group` DISABLE KEYS */;
INSERT INTO `exam_group` VALUES ('2c9a8ef432a72c410132a73255590079','第一批考试','第一批考试',1),('2c9a8ef432f26ced0132f27f20c604bc','第二批考试','第二批考试',1),('2c9a8ef432f26ced0132f27f3fd204bd','第三批考试','第三批考试',1),('2c9a9087331b094901331b0c724c0005','大家都能过','为了让同学们顺利拿到学分，此考试最低分60，不设上限！',1);
/*!40000 ALTER TABLE `exam_group` ENABLE KEYS */;
UNLOCK TABLES;

--
-- Table structure for table `exam_personnel`
--

DROP TABLE IF EXISTS `exam_personnel`;
/*!40101 SET @saved_cs_client     = @@character_set_client */;
/*!40101 SET character_set_client = utf8 */;
CREATE TABLE `exam_personnel` (
  `id` char(32) NOT NULL,
  `sectId` char(32) NOT NULL,
  `stdId` varchar(32) NOT NULL,
  `state` tinyint(4) NOT NULL,
  `binding` varchar(100) NOT NULL,
  `personnel_start` datetime DEFAULT NULL,
  `personnel_paper` mediumtext,
  `personnel_end` datetime DEFAULT NULL,
  PRIMARY KEY (`id`),
  KEY `FK_Reference_44` (`sectId`),
  KEY `FK_Reference_45` (`stdId`),
  CONSTRAINT `FK_Reference_44` FOREIGN KEY (`sectId`) REFERENCES `exam_sect` (`sectId`) ON DELETE CASCADE ON UPDATE CASCADE,
  CONSTRAINT `FK_Reference_45` FOREIGN KEY (`stdId`) REFERENCES `student` (`stdId`) ON DELETE CASCADE ON UPDATE CASCADE
) ENGINE=InnoDB DEFAULT CHARSET=utf8;
/*!40101 SET character_set_client = @saved_cs_client */;

--
-- Dumping data for table `exam_personnel`
--

LOCK TABLES `exam_personnel` WRITE;
/*!40000 ALTER TABLE `exam_personnel` DISABLE KEYS */;
/*!40000 ALTER TABLE `exam_personnel` ENABLE KEYS */;
UNLOCK TABLES;

--
-- Table structure for table `exam_sect`
--

DROP TABLE IF EXISTS `exam_sect`;
/*!40101 SET @saved_cs_client     = @@character_set_client */;
/*!40101 SET character_set_client = utf8 */;
CREATE TABLE `exam_sect` (
  `sectId` char(32) NOT NULL,
  `examId` char(32) NOT NULL,
  `startTime` datetime NOT NULL,
  `endTime` datetime NOT NULL,
  PRIMARY KEY (`sectId`),
  KEY `FK_Reference_8` (`examId`),
  CONSTRAINT `FK_Reference_8` FOREIGN KEY (`examId`) REFERENCES `exam` (`examId`) ON DELETE CASCADE ON UPDATE CASCADE
) ENGINE=InnoDB DEFAULT CHARSET=utf8;
/*!40101 SET character_set_client = @saved_cs_client */;

--
-- Dumping data for table `exam_sect`
--

LOCK TABLES `exam_sect` WRITE;
/*!40000 ALTER TABLE `exam_sect` DISABLE KEYS */;
/*!40000 ALTER TABLE `exam_sect` ENABLE KEYS */;
UNLOCK TABLES;

--
-- Table structure for table `feedback`
--

DROP TABLE IF EXISTS `feedback`;
/*!40101 SET @saved_cs_client     = @@character_set_client */;
/*!40101 SET character_set_client = utf8 */;
CREATE TABLE `feedback` (
  `feedbackId` char(32) NOT NULL,
  `surveyId` char(32) NOT NULL,
  `content` mediumtext NOT NULL,
  PRIMARY KEY (`feedbackId`),
  KEY `FK_Reference_33` (`surveyId`),
  CONSTRAINT `FK_Reference_33` FOREIGN KEY (`surveyId`) REFERENCES `survey` (`surveyId`) ON DELETE CASCADE ON UPDATE CASCADE
) ENGINE=InnoDB DEFAULT CHARSET=utf8;
/*!40101 SET character_set_client = @saved_cs_client */;

--
-- Dumping data for table `feedback`
--

LOCK TABLES `feedback` WRITE;
/*!40000 ALTER TABLE `feedback` DISABLE KEYS */;
/*!40000 ALTER TABLE `feedback` ENABLE KEYS */;
UNLOCK TABLES;

--
-- Table structure for table `judge_state`
--

DROP TABLE IF EXISTS `judge_state`;
/*!40101 SET @saved_cs_client     = @@character_set_client */;
/*!40101 SET character_set_client = utf8 */;
CREATE TABLE `judge_state` (
  `id` char(32) NOT NULL,
  `examId` char(32) NOT NULL,
  `stdId` char(32) NOT NULL,
  `state` int(10) unsigned NOT NULL,
  `teacherId` char(32) DEFAULT NULL,
  PRIMARY KEY (`id`),
  KEY `FK_judeg_state_1` (`examId`),
  KEY `FK_judeg_state_2` (`stdId`),
  KEY `FK_judeg_state_3` (`teacherId`),
  CONSTRAINT `FK_judeg_state_1` FOREIGN KEY (`examId`) REFERENCES `exam` (`examId`) ON DELETE CASCADE ON UPDATE CASCADE,
  CONSTRAINT `FK_judeg_state_2` FOREIGN KEY (`stdId`) REFERENCES `student` (`stdId`) ON DELETE CASCADE ON UPDATE CASCADE,
  CONSTRAINT `FK_judeg_state_3` FOREIGN KEY (`teacherId`) REFERENCES `teacher` (`teacherId`) ON DELETE SET NULL ON UPDATE SET NULL
) ENGINE=InnoDB DEFAULT CHARSET=utf8;
/*!40101 SET character_set_client = @saved_cs_client */;

--
-- Dumping data for table `judge_state`
--

LOCK TABLES `judge_state` WRITE;
/*!40000 ALTER TABLE `judge_state` DISABLE KEYS */;
/*!40000 ALTER TABLE `judge_state` ENABLE KEYS */;
UNLOCK TABLES;

--
-- Table structure for table `my_class`
--

DROP TABLE IF EXISTS `my_class`;
/*!40101 SET @saved_cs_client     = @@character_set_client */;
/*!40101 SET character_set_client = utf8 */;
CREATE TABLE `my_class` (
  `classId` char(32) NOT NULL,
  `specialtyId` char(32) NOT NULL,
  `classNo` int(10) unsigned NOT NULL,
  `grade` int(11) NOT NULL,
  `open` int(11) DEFAULT '0',
  PRIMARY KEY (`classId`),
  KEY `FK_Reference_6` (`specialtyId`),
  CONSTRAINT `FK_Reference_6` FOREIGN KEY (`specialtyId`) REFERENCES `specialty` (`specialtyId`) ON DELETE CASCADE ON UPDATE CASCADE
) ENGINE=InnoDB DEFAULT CHARSET=utf8;
/*!40101 SET character_set_client = @saved_cs_client */;

--
-- Dumping data for table `my_class`
--

LOCK TABLES `my_class` WRITE;
/*!40000 ALTER TABLE `my_class` DISABLE KEYS */;
/*!40000 ALTER TABLE `my_class` ENABLE KEYS */;
UNLOCK TABLES;

--
-- Table structure for table `notice`
--

DROP TABLE IF EXISTS `notice`;
/*!40101 SET @saved_cs_client     = @@character_set_client */;
/*!40101 SET character_set_client = utf8 */;
CREATE TABLE `notice` (
  `noticeId` char(32) NOT NULL,
  `name` varchar(100) NOT NULL,
  `content` text NOT NULL,
  `publicTime` timestamp NOT NULL DEFAULT CURRENT_TIMESTAMP ON UPDATE CURRENT_TIMESTAMP,
  PRIMARY KEY (`noticeId`)
) ENGINE=InnoDB DEFAULT CHARSET=utf8;
/*!40101 SET character_set_client = @saved_cs_client */;

--
-- Dumping data for table `notice`
--

LOCK TABLES `notice` WRITE;
/*!40000 ALTER TABLE `notice` DISABLE KEYS */;
INSERT INTO `notice` VALUES ('2c9a9087331b094901331b0aaf7b0001','教师4','123123','2011-10-19 07:17:24'),('2c9a9087331b094901331b183bc20016','教师1','5654456564564654645645','2011-10-19 07:32:12');
/*!40000 ALTER TABLE `notice` ENABLE KEYS */;
UNLOCK TABLES;

--
-- Table structure for table `organ`
--

DROP TABLE IF EXISTS `organ`;
/*!40101 SET @saved_cs_client     = @@character_set_client */;
/*!40101 SET character_set_client = utf8 */;
CREATE TABLE `organ` (
  `organId` char(32) NOT NULL,
  `organName` varchar(32) NOT NULL,
  `type` tinyint(4) NOT NULL,
  PRIMARY KEY (`organId`)
) ENGINE=InnoDB DEFAULT CHARSET=utf8;
/*!40101 SET character_set_client = @saved_cs_client */;

--
-- Dumping data for table `organ`
--

LOCK TABLES `organ` WRITE;
/*!40000 ALTER TABLE `organ` DISABLE KEYS */;
INSERT INTO `organ` VALUES ('2c9a8ef43287c213013287ca9e7f0001','信息学院',0);
/*!40000 ALTER TABLE `organ` ENABLE KEYS */;
UNLOCK TABLES;

--
-- Table structure for table `paper`
--

DROP TABLE IF EXISTS `paper`;
/*!40101 SET @saved_cs_client     = @@character_set_client */;
/*!40101 SET character_set_client = utf8 */;
CREATE TABLE `paper` (
  `paperId` char(32) NOT NULL,
  `paperName` varchar(100) NOT NULL,
  `createTime` timestamp NOT NULL DEFAULT CURRENT_TIMESTAMP,
  `obsolete` tinyint(1) NOT NULL,
  `paperExplain` mediumtext,
  `avgScore` float NOT NULL,
  `useCount` int(11) NOT NULL,
  `totalScore` float NOT NULL,
  `teacherId` char(32) NOT NULL,
  `courseId` char(32) NOT NULL,
  `type` int(10) unsigned NOT NULL,
  `paper_xml` mediumtext,
  PRIMARY KEY (`paperId`),
  KEY `FK_paper_1` (`teacherId`),
  KEY `FK_paper_2` (`courseId`),
  CONSTRAINT `FK_paper_1` FOREIGN KEY (`teacherId`) REFERENCES `teacher` (`teacherId`) ON DELETE CASCADE ON UPDATE CASCADE,
  CONSTRAINT `FK_paper_2` FOREIGN KEY (`courseId`) REFERENCES `course` (`courseId`) ON DELETE CASCADE ON UPDATE CASCADE
) ENGINE=InnoDB DEFAULT CHARSET=utf8;
/*!40101 SET character_set_client = @saved_cs_client */;

--
-- Dumping data for table `paper`
--

LOCK TABLES `paper` WRITE;
/*!40000 ALTER TABLE `paper` DISABLE KEYS */;
/*!40000 ALTER TABLE `paper` ENABLE KEYS */;
UNLOCK TABLES;

--
-- Table structure for table `question`
--

DROP TABLE IF EXISTS `question`;
/*!40101 SET @saved_cs_client     = @@character_set_client */;
/*!40101 SET character_set_client = utf8 */;
CREATE TABLE `question` (
  `questionId` char(32) NOT NULL,
  `content` mediumtext NOT NULL,
  `type` tinyint(4) NOT NULL,
  `obsolete` tinyint(1) NOT NULL,
  `difficultyLevel` float NOT NULL,
  `useCount` int(11) NOT NULL,
  `courseId` char(32) NOT NULL,
  `answer` text,
  PRIMARY KEY (`questionId`),
  KEY `FK_question_1` (`courseId`),
  CONSTRAINT `FK_question_1` FOREIGN KEY (`courseId`) REFERENCES `course` (`courseId`) ON DELETE CASCADE ON UPDATE CASCADE
) ENGINE=InnoDB DEFAULT CHARSET=utf8;
/*!40101 SET character_set_client = @saved_cs_client */;

--
-- Dumping data for table `question`
--

LOCK TABLES `question` WRITE;
/*!40000 ALTER TABLE `question` DISABLE KEYS */;
INSERT INTO `question` VALUES ('2c9a8ef432f26ced0132f2786f9e0009','<span style=\'font-family: 宋体;font-size: 9pt;font-weight: normal;\'>Given&nbsp;the&nbsp;code&nbsp;in&nbsp;the&nbsp;exhibit.<br />What&nbsp;is&nbsp;the&nbsp;result?<br />&nbsp;1.&nbsp;import&nbsp;java.io.*;<br />13.&nbsp;public&nbsp;class&nbsp;Forest&nbsp;implements&nbsp;Serializable&nbsp;{<br />14.&nbsp;&nbsp;&nbsp;private&nbsp;Tree&nbsp;tree&nbsp;=&nbsp;new&nbsp;Tree();<br />15.&nbsp;&nbsp;&nbsp;public&nbsp;static&nbsp;void&nbsp;main(String[]&nbsp;args)&nbsp;{<br />16.&nbsp;&nbsp;&nbsp;&nbsp;&nbsp;Forest&nbsp;f&nbsp;=&nbsp;new&nbsp;Forest();<br />17.&nbsp;&nbsp;&nbsp;&nbsp;&nbsp;try&nbsp;{<br />18.&nbsp;&nbsp;&nbsp;&nbsp;&nbsp;&nbsp;&nbsp;FileOutputStream&nbsp;fs&nbsp;=&nbsp;new&nbsp;FileOutputStream(\"Forest.Ser\");<br />19.&nbsp;&nbsp;&nbsp;&nbsp;&nbsp;&nbsp;&nbsp;ObjectOutputStream&nbsp;os&nbsp;=&nbsp;new&nbsp;ObjectOutputStream(fs);<br />20.&nbsp;&nbsp;&nbsp;&nbsp;&nbsp;&nbsp;&nbsp;os.writeObject(f);&nbsp;os.close();<br />21.&nbsp;&nbsp;&nbsp;&nbsp;&nbsp;}&nbsp;catch(Exception&nbsp;ex){&nbsp;ex.printStackTrace();&nbsp;}<br />22.&nbsp;&nbsp;&nbsp;}<br />23.&nbsp;}<br />24.&nbsp;class&nbsp;Tree&nbsp;{}</span>',4,0,0.5,0,'2c9a8ef43287c213013287cafdc90002',''),('2c9a8ef432f26ced0132f2786fab000f','<span style=\'font-family: 宋体;font-size: 9pt;font-weight: normal;\'>Which&nbsp;code,&nbsp;inserted&nbsp;at&nbsp;line&nbsp;14,&nbsp;will&nbsp;allow&nbsp;this&nbsp;class&nbsp;to&nbsp;correctly&nbsp;serialized&nbsp;and&nbsp;desterilized?<br />&nbsp;1.&nbsp;import&nbsp;java.io.*;<br />&nbsp;2.&nbsp;public&nbsp;class&nbsp;Foo&nbsp;implements&nbsp;Serializable&nbsp;{<br />&nbsp;3.&nbsp;&nbsp;&nbsp;public&nbsp;int&nbsp;x,&nbsp;y;<br />&nbsp;4.&nbsp;&nbsp;&nbsp;public&nbsp;Foo(int&nbsp;x,&nbsp;int&nbsp;y)&nbsp;{&nbsp;this.x&nbsp;=&nbsp;x;&nbsp;this.y&nbsp;=&nbsp;y;&nbsp;}<br />&nbsp;5.<br />&nbsp;6.&nbsp;&nbsp;&nbsp;private&nbsp;void&nbsp;writeObject(&nbsp;ObjectOutputStream&nbsp;s&nbsp;)<br />&nbsp;7.&nbsp;&nbsp;&nbsp;&nbsp;&nbsp;&nbsp;&nbsp;throws&nbsp;IOException&nbsp;{<br />&nbsp;8.&nbsp;&nbsp;&nbsp;&nbsp;&nbsp;s.writeInt(x);&nbsp;s.writeInt(y);<br />&nbsp;9.&nbsp;&nbsp;&nbsp;}<br />10.<br />11.&nbsp;&nbsp;&nbsp;private&nbsp;void&nbsp;readObject(ObjectInputStream&nbsp;s)<br />12.&nbsp;&nbsp;&nbsp;&nbsp;&nbsp;throws&nbsp;IOException,&nbsp;ClassNoFoundException&nbsp;{<br />13.&nbsp;<br />14.&nbsp;&nbsp;&nbsp;&nbsp;&nbsp;//&nbsp;insert&nbsp;code&nbsp;here<br />15.<br />16.&nbsp;&nbsp;&nbsp;}<br />17.&nbsp;}</span>',4,0,0.5,0,'2c9a8ef43287c213013287cafdc90002',''),('2c9a8ef432f26ced0132f2786fac0015','<span style=\'font-family: 宋体;font-size: 9pt;font-weight: normal;\'>Given&nbsp;the&nbsp;exhibit:<br />11.&nbsp;String&nbsp;test&nbsp;=&nbsp;\"This&nbsp;is&nbsp;a&nbsp;test\";<br />12.&nbsp;String[]&nbsp;tokens&nbsp;=&nbsp;test.split(\"\\s\");<br />13.&nbsp;System.out.println(tokens.length);<br /><br />What&nbsp;is&nbsp;the&nbsp;result?</span>',4,0,0.5,0,'2c9a8ef43287c213013287cafdc90002',''),('2c9a8ef432f26ced0132f2786fad001c','<span style=\'font-family: 宋体;font-size: 9pt;font-weight: normal;\'>Given&nbsp;the&nbsp;exhibit:<br />12.&nbsp;Date&nbsp;date&nbsp;=&nbsp;new&nbsp;Date();<br />13.&nbsp;df.setLocale(Local.Ialy);<br />14.&nbsp;String&nbsp;s&nbsp;=&nbsp;df.Format(date);<br />The&nbsp;variable&nbsp;df&nbsp;is&nbsp;an&nbsp;object&nbsp;of&nbsp;type&nbsp;DateFormat&nbsp;that&nbsp;has&nbsp;been&nbsp;initialized&nbsp;in&nbsp;line&nbsp;11.<br />What&nbsp;is&nbsp;the&nbsp;result&nbsp;if&nbsp;this&nbsp;code&nbsp;is&nbsp;run&nbsp;on&nbsp;December&nbsp;14,&nbsp;2000?</span>',4,0,0.5,0,'2c9a8ef43287c213013287cafdc90002',''),('2c9a8ef432f26ced0132f2786fae0022','<span style=\'font-family: 宋体;font-size: 9pt;font-weight: normal;\'>When&nbsp;comparing&nbsp;java.io.BufferedWriter&nbsp;to&nbsp;java.io.FileWriter,&nbsp;which&nbsp;capability&nbsp;exist&nbsp;as&nbsp;a&nbsp;method&nbsp;in&nbsp;only&nbsp;one&nbsp;of&nbsp;the&nbsp;two?</span>',4,0,0.5,0,'2c9a8ef43287c213013287cafdc90002',''),('2c9a8ef432f26ced0132f2786faf0029','<span style=\'font-family: 宋体;font-size: 9pt;font-weight: normal;\'>Given&nbsp;the&nbsp;exhibit:<br />Which&nbsp;two&nbsp;code&nbsp;fragments,&nbsp;inserted&nbsp;independently&nbsp;at&nbsp;line&nbsp;3,&nbsp;generate&nbsp;the&nbsp;output&nbsp;4247?&nbsp;(choose&nbsp;two)<br />1.&nbsp;public&nbsp;class&nbsp;Certkiller3&nbsp;{<br />2.&nbsp;&nbsp;&nbsp;public&nbsp;static&nbsp;void&nbsp;main(String[]&nbsp;args)&nbsp;{<br />3.&nbsp;&nbsp;&nbsp;&nbsp;&nbsp;//insert&nbsp;code&nbsp;here<br />4.<br />5.&nbsp;&nbsp;&nbsp;&nbsp;&nbsp;System.out.println(s);<br />6.&nbsp;&nbsp;&nbsp;}<br />7.&nbsp;}</span>',4,0,0.5,0,'2c9a8ef43287c213013287cafdc90002',''),('2c9a8ef432f26ced0132f2786fb40030','<span style=\'font-family: 宋体;font-size: 9pt;font-weight: normal;\'>Which&nbsp;three&nbsp;statements&nbsp;concerning&nbsp;the&nbsp;use&nbsp;of&nbsp;the&nbsp;java.io.Serialization&nbsp;interface&nbsp;are&nbsp;true?&nbsp;(choose&nbsp;three)</span>',4,0,0.5,0,'2c9a8ef43287c213013287cafdc90002',''),('2c9a8ef432f26ced0132f2786fb40037','<span style=\'font-family: 宋体;font-size: 9pt;font-weight: normal;\'>Given&nbsp;the&nbsp;exhibit:<br />12.&nbsp;public&nbsp;class&nbsp;Certkiller&nbsp;{<br />13.&nbsp;&nbsp;&nbsp;public&nbsp;static&nbsp;void&nbsp;go&nbsp;(short&nbsp;n)&nbsp;{&nbsp;System.out.println(\"short\");&nbsp;}<br />14.&nbsp;&nbsp;&nbsp;public&nbsp;static&nbsp;void&nbsp;go&nbsp;(Short&nbsp;n)&nbsp;{&nbsp;System.out.println(\"SHORT\");&nbsp;}<br />15.&nbsp;&nbsp;&nbsp;public&nbsp;static&nbsp;void&nbsp;go&nbsp;(Long&nbsp;n)&nbsp;{&nbsp;System.out.println(\"LONG\");&nbsp;}<br />16.&nbsp;&nbsp;&nbsp;public&nbsp;static&nbsp;void&nbsp;main(String[]&nbsp;args)&nbsp;{<br />17.&nbsp;&nbsp;&nbsp;&nbsp;&nbsp;Short&nbsp;y&nbsp;=&nbsp;6;<br />18.&nbsp;&nbsp;&nbsp;&nbsp;&nbsp;int&nbsp;z&nbsp;=&nbsp;7;<br />19.&nbsp;&nbsp;&nbsp;&nbsp;&nbsp;go(y);<br />20.&nbsp;&nbsp;&nbsp;&nbsp;&nbsp;go(z);<br />21.&nbsp;&nbsp;&nbsp;}<br />22.&nbsp;}<br />What&nbsp;is&nbsp;the&nbsp;result?</span>',4,0,0.5,0,'2c9a8ef43287c213013287cafdc90002',''),('2c9a8ef432f26ced0132f2786fb5003d','<span style=\'font-family: 宋体;font-size: 9pt;font-weight: normal;\'>Given&nbsp;the&nbsp;exhibit:<br />*&nbsp;d&nbsp;is&nbsp;valid&nbsp;,&nbsp;non-null&nbsp;Date&nbsp;object<br />*&nbsp;df&nbsp;is&nbsp;a&nbsp;valid,&nbsp;non-null&nbsp;DateFormat&nbsp;object&nbsp;set&nbsp;to&nbsp;the&nbsp;current&nbsp;local<br />What&nbsp;outputs&nbsp;the&nbsp;current&nbsp;local\'s&nbsp;country&nbsp;name&nbsp;and&nbsp;the&nbsp;appropriate&nbsp;version&nbsp;of&nbsp;D\'s&nbsp;date?</span>',4,0,0.5,0,'2c9a8ef43287c213013287cafdc90002',''),('2c9a8ef432f26ced0132f2786fb50043','<span style=\'font-family: 宋体;font-size: 9pt;font-weight: normal;\'>Given&nbsp;the&nbsp;exhibit:<br />&nbsp;1.&nbsp;public&nbsp;class&nbsp;Certkiller3&nbsp;implements&nbsp;Runnable&nbsp;{<br />&nbsp;2.&nbsp;&nbsp;&nbsp;public&nbsp;void&nbsp;run()&nbsp;{<br />&nbsp;3.&nbsp;&nbsp;&nbsp;&nbsp;&nbsp;System.out.print(\"running\");<br />&nbsp;4.&nbsp;&nbsp;&nbsp;}<br />&nbsp;5.&nbsp;&nbsp;&nbsp;public&nbsp;static&nbsp;void&nbsp;main(String[]&nbsp;args)&nbsp;{<br />&nbsp;6.&nbsp;&nbsp;&nbsp;&nbsp;&nbsp;Thread&nbsp;t&nbsp;=&nbsp;new&nbsp;Thread(new&nbsp;Certkiller3());<br />&nbsp;7.&nbsp;&nbsp;&nbsp;&nbsp;&nbsp;t.run();<br />&nbsp;8.&nbsp;&nbsp;&nbsp;&nbsp;&nbsp;t.run();<br />&nbsp;9.&nbsp;&nbsp;&nbsp;&nbsp;&nbsp;t.start();<br />10.&nbsp;&nbsp;&nbsp;}<br />11.&nbsp;}<br />What&nbsp;is&nbsp;the&nbsp;result?</span>',4,0,0.5,0,'2c9a8ef43287c213013287cafdc90002',''),('2c9a8ef432f26ced0132f2786fb6004a','<span style=\'font-family: 宋体;font-size: 9pt;font-weight: normal;\'>Exhibit:<br />&nbsp;1.&nbsp;public&nbsp;class&nbsp;Threads1&nbsp;{<br />&nbsp;2.&nbsp;int&nbsp;x&nbsp;=&nbsp;0;<br />&nbsp;3.&nbsp;public&nbsp;class&nbsp;Runner&nbsp;implements&nbsp;Runnable&nbsp;{<br />&nbsp;4.&nbsp;&nbsp;&nbsp;public&nbsp;void&nbsp;run()&nbsp;{<br />&nbsp;5.&nbsp;&nbsp;&nbsp;&nbsp;&nbsp;int&nbsp;current&nbsp;=&nbsp;0;<br />&nbsp;6.&nbsp;&nbsp;&nbsp;&nbsp;&nbsp;for(int&nbsp;i&nbsp;=&nbsp;0;&nbsp;i&nbsp;&lt;&nbsp;4;&nbsp;i++)&nbsp;{<br />&nbsp;7.&nbsp;&nbsp;&nbsp;&nbsp;&nbsp;&nbsp;&nbsp;current&nbsp;=&nbsp;x;<br />&nbsp;8.&nbsp;&nbsp;&nbsp;&nbsp;&nbsp;&nbsp;&nbsp;System.out.print(current&nbsp;+&nbsp;\",\");<br />&nbsp;9.&nbsp;&nbsp;&nbsp;&nbsp;&nbsp;&nbsp;&nbsp;x&nbsp;=&nbsp;current&nbsp;+&nbsp;2;<br />10.&nbsp;&nbsp;&nbsp;&nbsp;&nbsp;}<br />11.&nbsp;&nbsp;&nbsp;}<br />12.&nbsp;}<br />13.<br />14.&nbsp;public&nbsp;static&nbsp;void&nbsp;main(String[]&nbsp;args)&nbsp;{<br />15.&nbsp;&nbsp;&nbsp;new&nbsp;Threads1().go();<br />16.&nbsp;}<br />17.<br />18.&nbsp;public&nbsp;void&nbsp;go()&nbsp;{<br />19.&nbsp;&nbsp;&nbsp;Runnable&nbsp;r1&nbsp;=&nbsp;new&nbsp;Runner();<br />20.&nbsp;&nbsp;&nbsp;new&nbsp;Thread(r1).start();<br />21.&nbsp;&nbsp;&nbsp;new&nbsp;Thread(r1).start();<br />22.&nbsp;}<br />23.}<br />Which&nbsp;two&nbsp;are&nbsp;possible&nbsp;results?&nbsp;(choose&nbsp;two)</span>',4,0,0.5,0,'2c9a8ef43287c213013287cafdc90002',''),('2c9a8ef432f26ced0132f2786fb60051','<span style=\'font-family: 宋体;font-size: 9pt;font-weight: normal;\'>Given&nbsp;the&nbsp;exhibit:<br />&nbsp;5.&nbsp;void&nbsp;waitForSignal()&nbsp;{<br />&nbsp;6.&nbsp;&nbsp;&nbsp;Object&nbsp;obj&nbsp;=&nbsp;new&nbsp;Object();<br />&nbsp;7.&nbsp;&nbsp;&nbsp;synchronized(Thread.currentThread()){<br />&nbsp;8.&nbsp;&nbsp;&nbsp;&nbsp;&nbsp;obj.wait();<br />&nbsp;9.&nbsp;&nbsp;&nbsp;&nbsp;&nbsp;obj.notify();<br />10.&nbsp;&nbsp;&nbsp;}<br />11.&nbsp;}<br />Which&nbsp;statement&nbsp;is&nbsp;true?</span>',4,0,0.5,0,'2c9a8ef43287c213013287cafdc90002',''),('2c9a8ef432f26ced0132f2786fb60058','<span style=\'font-family: 宋体;font-size: 9pt;font-weight: normal;\'>Given&nbsp;the&nbsp;exhibit:<br />&nbsp;1.&nbsp;public&nbsp;class&nbsp;TestOne&nbsp;implements&nbsp;Runnable&nbsp;{<br />&nbsp;2.&nbsp;&nbsp;&nbsp;public&nbsp;static&nbsp;void&nbsp;main(String[]&nbsp;args)&nbsp;throws&nbsp;Exception&nbsp;{<br />&nbsp;3.&nbsp;&nbsp;&nbsp;&nbsp;&nbsp;Thread&nbsp;t&nbsp;=&nbsp;new&nbsp;Thread(new&nbsp;TestOne());<br />&nbsp;4.&nbsp;&nbsp;&nbsp;&nbsp;&nbsp;t.start();<br />&nbsp;5.&nbsp;&nbsp;&nbsp;&nbsp;&nbsp;System.out.print(\"Started\");<br />&nbsp;6.&nbsp;&nbsp;&nbsp;&nbsp;&nbsp;t.join();<br />&nbsp;7.&nbsp;&nbsp;&nbsp;&nbsp;&nbsp;System.out.print(\"Complete\");<br />&nbsp;8.&nbsp;&nbsp;&nbsp;}<br />&nbsp;9.&nbsp;&nbsp;&nbsp;public&nbsp;void&nbsp;run()&nbsp;{<br />10.&nbsp;&nbsp;&nbsp;&nbsp;&nbsp;for&nbsp;(int&nbsp;i&nbsp;=&nbsp;0;&nbsp;i&nbsp;&lt;&nbsp;4;&nbsp;i++)&nbsp;{<br />11.&nbsp;&nbsp;&nbsp;&nbsp;&nbsp;&nbsp;&nbsp;System.out.print(\"i\");<br />12.&nbsp;&nbsp;&nbsp;&nbsp;&nbsp;}<br />13.&nbsp;&nbsp;&nbsp;}<br />14.&nbsp;}<br />What&nbsp;can&nbsp;be&nbsp;a&nbsp;result?</span>',4,0,0.5,0,'2c9a8ef43287c213013287cafdc90002',''),('2c9a8ef432f26ced0132f2786fb7005f','<span style=\'font-family: 宋体;font-size: 9pt;font-weight: normal;\'>Which&nbsp;two&nbsp;code&nbsp;fragments&nbsp;will&nbsp;execute&nbsp;the&nbsp;method&nbsp;doStuff()&nbsp;in&nbsp;a&nbsp;separate&nbsp;thread?&nbsp;(choose&nbsp;two)</span>',4,0,0.5,0,'2c9a8ef43287c213013287cafdc90002',''),('2c9a8ef432f26ced0132f2786fb70067','<span style=\'font-family: 宋体;font-size: 9pt;font-weight: normal;\'>Which&nbsp;three&nbsp;will&nbsp;compile&nbsp;and&nbsp;run&nbsp;without&nbsp;exception?&nbsp;(choose&nbsp;three).</span>',4,0,0.5,0,'2c9a8ef43287c213013287cafdc90002',''),('2c9a8ef432f26ced0132f2786fb8006f','<span style=\'font-family: 宋体;font-size: 9pt;font-weight: normal;\'>Exhibit:<br />&nbsp;1.&nbsp;class&nbsp;Computation&nbsp;extends&nbsp;Thread&nbsp;{<br />&nbsp;2.<br />&nbsp;3.&nbsp;&nbsp;&nbsp;private&nbsp;int&nbsp;num;<br />&nbsp;4.&nbsp;&nbsp;&nbsp;private&nbsp;boolean&nbsp;isComplete;<br />&nbsp;5.&nbsp;&nbsp;&nbsp;private&nbsp;int&nbsp;result;<br />&nbsp;6.<br />&nbsp;7.&nbsp;&nbsp;&nbsp;public&nbsp;Computation(int&nbsp;num)&nbsp;{&nbsp;this.num&nbsp;=&nbsp;num;&nbsp;}<br />&nbsp;8.<br />&nbsp;9.&nbsp;&nbsp;&nbsp;public&nbsp;synchronized&nbsp;void&nbsp;run()&nbsp;{<br />10.&nbsp;&nbsp;&nbsp;&nbsp;&nbsp;result&nbsp;=&nbsp;num&nbsp;*&nbsp;2;<br />11.&nbsp;&nbsp;&nbsp;&nbsp;&nbsp;isComplete&nbsp;=&nbsp;true;<br />12.&nbsp;&nbsp;&nbsp;&nbsp;&nbsp;notify();<br />13.&nbsp;&nbsp;&nbsp;}<br />14.<br />15.&nbsp;&nbsp;&nbsp;public&nbsp;synchronized&nbsp;int&nbsp;getResult()&nbsp;{<br />16.&nbsp;&nbsp;&nbsp;&nbsp;&nbsp;while&nbsp;(!isComplete)&nbsp;{<br />17.&nbsp;&nbsp;&nbsp;&nbsp;&nbsp;&nbsp;&nbsp;try&nbsp;{<br />18.&nbsp;&nbsp;&nbsp;&nbsp;&nbsp;&nbsp;&nbsp;&nbsp;&nbsp;wait();<br />19.&nbsp;&nbsp;&nbsp;&nbsp;&nbsp;&nbsp;&nbsp;}&nbsp;catch&nbsp;(InterruptedException&nbsp;e){}<br />20.&nbsp;&nbsp;&nbsp;&nbsp;&nbsp;}<br />21.&nbsp;&nbsp;&nbsp;&nbsp;&nbsp;return&nbsp;result;<br />22.&nbsp;&nbsp;&nbsp;}<br />23<br />24.&nbsp;&nbsp;&nbsp;public&nbsp;static&nbsp;void&nbsp;main(String[]&nbsp;args)&nbsp;{<br />25.&nbsp;&nbsp;&nbsp;&nbsp;&nbsp;Computation[]&nbsp;computations&nbsp;=&nbsp;new&nbsp;Computation[4];<br />26.&nbsp;&nbsp;&nbsp;&nbsp;&nbsp;for&nbsp;(int&nbsp;i&nbsp;=&nbsp;0;&nbsp;i&nbsp;&lt;&nbsp;computations.length;&nbsp;i++)&nbsp;{<br />27.&nbsp;&nbsp;&nbsp;&nbsp;&nbsp;&nbsp;&nbsp;computations[i]&nbsp;=&nbsp;new&nbsp;Computation(i);<br />28.&nbsp;&nbsp;&nbsp;&nbsp;&nbsp;&nbsp;&nbsp;computations[i].start();<br />29.&nbsp;&nbsp;&nbsp;&nbsp;&nbsp;}<br />30.&nbsp;&nbsp;&nbsp;&nbsp;&nbsp;for&nbsp;(Computation&nbsp;c&nbsp;:&nbsp;computations)<br />31.&nbsp;&nbsp;&nbsp;&nbsp;&nbsp;&nbsp;&nbsp;System.out.print(c.getResult()&nbsp;+&nbsp;\"&nbsp;\");<br />32.&nbsp;&nbsp;&nbsp;}<br />33.&nbsp;}<br />What&nbsp;is&nbsp;the&nbsp;result?</span>',4,0,0.5,0,'2c9a8ef43287c213013287cafdc90002',''),('2c9a8ef432f26ced0132f2786fb90077','<span style=\'font-family: 宋体;font-size: 9pt;font-weight: normal;\'><span>Given&nbsp;the&nbsp;exhibit:<br />&nbsp;1.</span><span>&nbsp;public&nbsp;class&nbsp;Certkiller&nbsp;{<br />&nbsp;</span><span>2</span><span>.&nbsp;&nbsp;&nbsp;public&nbsp;static&nbsp;void&nbsp;main(String[]&nbsp;args)&nbsp;throws&nbsp;Exception&nbsp;{<br />&nbsp;</span><span>3</span><span>.&nbsp;&nbsp;&nbsp;&nbsp;&nbsp;Thread.sleep(3000);<br />&nbsp;</span><span>4</span><span>.&nbsp;&nbsp;&nbsp;&nbsp;&nbsp;System.out.println(\"sleep\");<br />&nbsp;</span><span>5</span><span>.&nbsp;&nbsp;&nbsp;}<br />&nbsp;</span><span>6</span><span>.&nbsp;}<br />What&nbsp;is&nbsp;the&nbsp;result?</span></span>',4,0,0.5,0,'2c9a8ef43287c213013287cafdc90002',''),('2c9a8ef432f26ced0132f2786fba007d','<span style=\'font-family: 宋体;font-size: 9pt;font-weight: normal;\'>Which&nbsp;two&nbsp;statements&nbsp;are&nbsp;true&nbsp;about&nbsp;has-a&nbsp;and&nbsp;is-a&nbsp;relationships?&nbsp;(choose&nbsp;two)</span>',4,0,0.5,0,'2c9a8ef43287c213013287cafdc90002',''),('2c9a8ef432f26ced0132f2786fba0083','<span style=\'font-family: 宋体;font-size: 9pt;font-weight: normal;\'>Given&nbsp;the&nbsp;exhibit:<br />1.&nbsp;package&nbsp;certkiller<br />2.<br />3.&nbsp;class&nbsp;Target&nbsp;{<br />4.&nbsp;&nbsp;&nbsp;public&nbsp;String&nbsp;name&nbsp;=&nbsp;\"hello\";<br />5.&nbsp;}<br />What&nbsp;can&nbsp;directly&nbsp;access&nbsp;and&nbsp;change&nbsp;the&nbsp;value&nbsp;of&nbsp;the&nbsp;variable&nbsp;name?</span>',4,0,0.5,0,'2c9a8ef43287c213013287cafdc90002',''),('2c9a8ef432f26ced0132f2786fba0089','<span style=\'font-family: 宋体;font-size: 9pt;font-weight: normal;\'>Which&nbsp;three&nbsp;statements&nbsp;are&nbsp;true?&nbsp;(choose&nbsp;three)</span>',4,0,0.5,0,'2c9a8ef43287c213013287cafdc90002',''),('2c9a8ef432f26ced0132f2786fbb0091','<span style=\'font-family: 宋体;font-size: 9pt;font-weight: normal;\'>Exhibit:<br />&nbsp;1.&nbsp;public&nbsp;class&nbsp;SimpleCalc&nbsp;{<br />&nbsp;2.&nbsp;&nbsp;&nbsp;public&nbsp;int&nbsp;value;<br />&nbsp;3.&nbsp;&nbsp;&nbsp;public&nbsp;void&nbsp;calculate()&nbsp;{&nbsp;value&nbsp;+=&nbsp;7;&nbsp;}<br />&nbsp;4.&nbsp;}<br />And:<br />&nbsp;1.&nbsp;public&nbsp;class&nbsp;MultiCalc&nbsp;extends&nbsp;SimpleCalc&nbsp;{<br />&nbsp;2.&nbsp;&nbsp;&nbsp;public&nbsp;void&nbsp;calculate()&nbsp;{&nbsp;value&nbsp;-=&nbsp;3;&nbsp;}<br />&nbsp;3.&nbsp;&nbsp;&nbsp;public&nbsp;void&nbsp;calculate(int&nbsp;multiplier)&nbsp;{<br />&nbsp;4.&nbsp;&nbsp;&nbsp;&nbsp;&nbsp;calculate();<br />&nbsp;5.&nbsp;&nbsp;&nbsp;&nbsp;&nbsp;super.calculate();<br />&nbsp;6.&nbsp;&nbsp;&nbsp;&nbsp;&nbsp;value&nbsp;*=&nbsp;multiplier;<br />&nbsp;7.&nbsp;&nbsp;&nbsp;}<br />&nbsp;8.&nbsp;&nbsp;&nbsp;public&nbsp;static&nbsp;void&nbsp;main(String[]&nbsp;args){<br />&nbsp;9.&nbsp;&nbsp;&nbsp;&nbsp;&nbsp;MultiCalc&nbsp;calculator&nbsp;=&nbsp;new&nbsp;MultiCalc();<br />10.&nbsp;&nbsp;&nbsp;&nbsp;&nbsp;calculator.calculate(2);<br />11.&nbsp;&nbsp;&nbsp;&nbsp;&nbsp;System.out.println(\"Value&nbsp;is:&nbsp;\"&nbsp;+&nbsp;calculator.value);<br />12.&nbsp;&nbsp;&nbsp;}<br />13.&nbsp;}<br />What&nbsp;is&nbsp;the&nbsp;result?</span>',4,0,0.5,0,'2c9a8ef43287c213013287cafdc90002',''),('2c9a8ef432f26ced0132f2786fbb0099','<span style=\'font-family: 宋体;font-size: 9pt;font-weight: normal;\'>Given&nbsp;the&nbsp;exhibit:<br />20.&nbsp;public&nbsp;class&nbsp;Certkiller&nbsp;Card&nbsp;{<br />21.<br />22.&nbsp;&nbsp;&nbsp;private&nbsp;String&nbsp;cardID;<br />23.&nbsp;&nbsp;&nbsp;private&nbsp;Integer&nbsp;limit;<br />24.&nbsp;&nbsp;&nbsp;public&nbsp;String&nbsp;ownerName;<br />25.<br />26.&nbsp;&nbsp;&nbsp;public&nbsp;void&nbsp;setCardInformation(String&nbsp;cartId,<br />27.&nbsp;&nbsp;&nbsp;&nbsp;&nbsp;&nbsp;&nbsp;&nbsp;&nbsp;&nbsp;&nbsp;&nbsp;&nbsp;&nbsp;&nbsp;&nbsp;&nbsp;&nbsp;&nbsp;&nbsp;&nbsp;&nbsp;&nbsp;&nbsp;&nbsp;&nbsp;&nbsp;&nbsp;&nbsp;&nbsp;&nbsp;&nbsp;&nbsp;&nbsp;String&nbsp;ownerName,<br />28.&nbsp;&nbsp;&nbsp;&nbsp;&nbsp;&nbsp;&nbsp;&nbsp;&nbsp;&nbsp;&nbsp;&nbsp;&nbsp;&nbsp;&nbsp;&nbsp;&nbsp;&nbsp;&nbsp;&nbsp;&nbsp;&nbsp;&nbsp;&nbsp;&nbsp;&nbsp;&nbsp;&nbsp;&nbsp;&nbsp;&nbsp;&nbsp;&nbsp;&nbsp;Integer&nbsp;limit)&nbsp;{<br />29.&nbsp;&nbsp;&nbsp;&nbsp;&nbsp;this.cardId&nbsp;=&nbsp;cardID;<br />30.&nbsp;&nbsp;&nbsp;&nbsp;&nbsp;this.ownerName&nbsp;=&nbsp;ownerName;<br />31.&nbsp;&nbsp;&nbsp;&nbsp;&nbsp;this.limit&nbsp;=&nbsp;limit;<br />32.&nbsp;&nbsp;&nbsp;}<br />33.&nbsp;}<br />Which&nbsp;statement&nbsp;is&nbsp;true?</span>',4,0,0.5,0,'2c9a8ef43287c213013287cafdc90002',''),('2c9a8ef432f26ced0132f2786fbc00a0','<span style=\'font-family: 宋体;font-size: 9pt;font-weight: normal;\'>Given&nbsp;the&nbsp;exhibit:<br />11.&nbsp;class&nbsp;Animal&nbsp;{&nbsp;public&nbsp;String&nbsp;noise(){&nbsp;return&nbsp;\"peep\";}&nbsp;}<br />12.&nbsp;class&nbsp;Dog&nbsp;extends&nbsp;Animal&nbsp;{<br />13.&nbsp;&nbsp;&nbsp;public&nbsp;String&nbsp;noise()&nbsp;{&nbsp;return&nbsp;\"back\";&nbsp;}<br />14.&nbsp;}<br />15.&nbsp;class&nbsp;Cat&nbsp;extends&nbsp;Animal&nbsp;{<br />16.&nbsp;&nbsp;&nbsp;public&nbsp;String&nbsp;noise()&nbsp;{&nbsp;return&nbsp;\"move\";&nbsp;}<br />17.&nbsp;}<br />......<br />30.&nbsp;Animal&nbsp;animal&nbsp;=&nbsp;new&nbsp;Dog();<br />31.&nbsp;Cat&nbsp;cat&nbsp;=&nbsp;(Cat)animal;<br />32.&nbsp;System.out.println(&nbsp;Cat.noise()&nbsp;);<br />What&nbsp;is&nbsp;the&nbsp;result?</span>',4,0,0.5,0,'2c9a8ef43287c213013287cafdc90002',''),('2c9a8ef432f26ced0132f2786fbc00a7','<span style=\'font-family: 宋体;font-size: 9pt;font-weight: normal;\'>Exhibit:<br />&nbsp;1.&nbsp;public&nbsp;class&nbsp;Car&nbsp;{<br />&nbsp;2.&nbsp;&nbsp;&nbsp;private&nbsp;int&nbsp;wheelCount;<br />&nbsp;3.&nbsp;&nbsp;&nbsp;private&nbsp;String&nbsp;vin;<br />&nbsp;4.&nbsp;&nbsp;&nbsp;public&nbsp;Car(String&nbsp;vin)&nbsp;{<br />&nbsp;5.&nbsp;&nbsp;&nbsp;&nbsp;&nbsp;this.vin&nbsp;=&nbsp;vin;<br />&nbsp;6.&nbsp;&nbsp;&nbsp;&nbsp;&nbsp;this.wheelCount&nbsp;=&nbsp;4;<br />&nbsp;7.&nbsp;&nbsp;&nbsp;}<br />&nbsp;8.&nbsp;&nbsp;&nbsp;public&nbsp;String&nbsp;extend()&nbsp;{<br />&nbsp;9.&nbsp;&nbsp;&nbsp;&nbsp;&nbsp;return&nbsp;\"zoom\";<br />10.&nbsp;&nbsp;&nbsp;}<br />11.&nbsp;&nbsp;&nbsp;public&nbsp;String&nbsp;getInfo()&nbsp;{<br />12.&nbsp;&nbsp;&nbsp;&nbsp;&nbsp;return&nbsp;\"VIN:&nbsp;\"&nbsp;+&nbsp;vin&nbsp;+&nbsp;\"&nbsp;wheels:&nbsp;\"&nbsp;+&nbsp;wheelCount;<br />13.&nbsp;&nbsp;&nbsp;}<br />14.&nbsp;}<br />And:<br />&nbsp;1.&nbsp;public&nbsp;class&nbsp;MeGo&nbsp;extends&nbsp;Car&nbsp;{<br />&nbsp;2.&nbsp;&nbsp;&nbsp;public&nbsp;Mego(String&nbsp;vin)&nbsp;{<br />&nbsp;3.&nbsp;&nbsp;&nbsp;&nbsp;&nbsp;this.wheelCount&nbsp;=&nbsp;3;<br />&nbsp;4.&nbsp;&nbsp;&nbsp;}<br />&nbsp;5.&nbsp;}<br />What&nbsp;two&nbsp;must&nbsp;the&nbsp;programmer&nbsp;do&nbsp;to&nbsp;correct&nbsp;the&nbsp;compilation&nbsp;errors?</span>',4,0,0.5,0,'2c9a8ef43287c213013287cafdc90002',''),('2c9a8ef432f26ced0132f2786fbd00af','<span style=\'font-family: 宋体;font-size: 9pt;font-weight: normal;\'>Given&nbsp;the&nbsp;exhibit:<br />10.&nbsp;interface&nbsp;A&nbsp;{&nbsp;public&nbsp;int&nbsp;getValue();&nbsp;}<br />11.&nbsp;class&nbsp;B&nbsp;implements&nbsp;A&nbsp;{<br />12.&nbsp;&nbsp;&nbsp;public&nbsp;int&nbsp;getValue()&nbsp;{&nbsp;return&nbsp;1;&nbsp;}<br />13.&nbsp;}<br />14.&nbsp;class&nbsp;C&nbsp;extends&nbsp;B&nbsp;{<br />15.&nbsp;&nbsp;&nbsp;//insert&nbsp;code&nbsp;here<br />16.&nbsp;}<br />What&nbsp;three&nbsp;code&nbsp;fragments&nbsp;inserted&nbsp;individually&nbsp;at&nbsp;line&nbsp;15,make&nbsp;use&nbsp;of&nbsp;polymorphism?&nbsp;(choose&nbsp;three)</span>',4,0,0.5,0,'2c9a8ef43287c213013287cafdc90002',''),('2c9a8ef432f26ced0132f2786fbd00b6','<span style=\'font-family: 宋体;font-size: 9pt;font-weight: normal;\'>Given&nbsp;the&nbsp;exhibit:&nbsp;<br />11.&nbsp;certkiller&nbsp;=&nbsp;new&nbsp;ReallyBigObject();<br />12.&nbsp;//more&nbsp;code&nbsp;here<br />13.&nbsp;certkiller&nbsp;=&nbsp;null;&nbsp;<br />14.&nbsp;/*insert&nbsp;code&nbsp;here*/&nbsp;&nbsp;<br />Which&nbsp;statement&nbsp;should&nbsp;be&nbsp;placed&nbsp;at&nbsp;line&nbsp;14&nbsp;to&nbsp;suggest&nbsp;that&nbsp;the&nbsp;virtual&nbsp;machine&nbsp;expend&nbsp;effort&nbsp;toward&nbsp;recycling&nbsp;the&nbsp;memory&nbsp;used&nbsp;by&nbsp;the&nbsp;object&nbsp;Certkiller?</span>',4,0,0.5,0,'2c9a8ef43287c213013287cafdc90002',''),('2c9a8ef432f26ced0132f27ada5c00bd','<span style=\'font-family: Arial;font-size: 9pt;font-weight: normal;\'>以下____不属于知识产权保护的法律法规。</span>',1,0,0.1,0,'2c9a8ef432ae883b0132ae89d4790001',''),('2c9a8ef432f26ced0132f27ada5d00c3','<span style=\'font-family: Arial;font-size: 9pt;font-weight: normal;\'>保护计算机知识产权的目的是____。</span>',1,0,0.1,0,'2c9a8ef432ae883b0132ae89d4790001',''),('2c9a8ef432f26ced0132f27ada5d00c9','<span style=\'font-family: Arial;font-size: 9pt;font-weight: normal;\'>下列关于正版软件所提供的“保证”的说法，正确的是____。</span>',1,0,0.1,0,'2c9a8ef432ae883b0132ae89d4790001',''),('2c9a8ef432f26ced0132f27ada5d00cf','<span style=\'font-family: Arial;font-size: 9pt;font-weight: normal;\'>以下属于软件盗版行为的是____。</span>',1,0,0.1,0,'2c9a8ef432ae883b0132ae89d4790001',''),('2c9a8ef432f26ced0132f27ada5e00d5','<span style=\'font-family: Arial;font-size: 9pt;font-weight: normal;\'>隐私的基本内容应包括以下____方面的内容。</span>',1,0,0.1,0,'2c9a8ef432ae883b0132ae89d4790001',''),('2c9a8ef432f26ced0132f27ada5e00db','<span style=\'font-family: Arial;font-size: 9pt;font-weight: normal;\'>网络隐私权是在网络环境下的延伸，其内涵包括____。</span>',1,0,0.1,0,'2c9a8ef432ae883b0132ae89d4790001',''),('2c9a8ef432f26ced0132f27ada5e00e1','<span style=\'font-family: Arial;font-size: 9pt;font-weight: normal;\'>下列关于隐私权的说法，正确的是____。</span>',1,0,0.1,0,'2c9a8ef432ae883b0132ae89d4790001',''),('2c9a8ef432f26ced0132f27ada5f00e7','<span style=\'font-family: Arial;font-size: 9pt;font-weight: normal;\'>下列关于网络隐私权的相关法律保护，正确的是____。</span>',1,0,0.1,0,'2c9a8ef432ae883b0132ae89d4790001',''),('2c9a8ef432f26ced0132f27ada5f00ed','<span style=\'font-family: Arial;font-size: 9pt;font-weight: normal;\'>下列属于个人隐私权侵犯的是____。</span>',1,0,0.1,0,'2c9a8ef432ae883b0132ae89d4790001',''),('2c9a8ef432f26ced0132f27ada6000f3','<span style=\'font-family: Arial;font-size: 9pt;font-weight: normal;\'>下列属于网上隐私权侵犯的是____。</span>',1,0,0.1,0,'2c9a8ef432ae883b0132ae89d4790001',''),('2c9a8ef432f26ced0132f27ada6000f9','<span style=\'font-family: Arial;font-size: 9pt;font-weight: normal;\'>下列不属于网上隐私权侵犯的是____。</span>',1,0,0.1,0,'2c9a8ef432ae883b0132ae89d4790001',''),('2c9a8ef432f26ced0132f27ada6000ff','<span style=\'font-family: Arial;font-size: 9pt;font-weight: normal;\'>中国网络隐私权保护的立法模式，包括____。</span>',1,0,0.1,0,'2c9a8ef432ae883b0132ae89d4790001',''),('2c9a8ef432f26ced0132f27ada610105','<span style=\'font-family: Arial;font-size: 9pt;font-weight: normal;\'>下列属于网络隐私权侵犯的是____。</span>',1,0,0.1,0,'2c9a8ef432ae883b0132ae89d4790001',''),('2c9a8ef432f26ced0132f27ada61010b','<span style=\'font-family: Arial;font-size: 9pt;font-weight: normal;\'>下列关于我国互联网上个人资料保护的建议中，正确的是____。</span>',1,0,0.1,0,'2c9a8ef432ae883b0132ae89d4790001',''),('2c9a8ef432f26ced0132f27ada620111','<span style=\'font-family: Arial;font-size: 9pt;font-weight: normal;\'>所谓____是指利用各种计算机程序及其装置进行犯罪或者将计算机信息作为直接侵害目标的总称。</span>',1,0,0.1,0,'2c9a8ef432ae883b0132ae89d4790001',''),('2c9a8ef432f26ced0132f27ada620117','<span style=\'font-family: Arial;font-size: 9pt;font-weight: normal;\'>下列关于计算机犯罪的说法，不正确的是____。</span>',1,0,0.1,0,'2c9a8ef432ae883b0132ae89d4790001',''),('2c9a8ef432f26ced0132f27ada62011d','<span style=\'font-family: Arial;font-size: 9pt;font-weight: normal;\'>计算机犯罪的主要特点不包括____。</span>',1,0,0.1,0,'2c9a8ef432ae883b0132ae89d4790001',''),('2c9a8ef432f26ced0132f27ada630123','<span style=\'font-family: Arial;font-size: 9pt;font-weight: normal;\'>计算机犯罪在法律上具有的特点，不包括____。</span>',1,0,0.1,0,'2c9a8ef432ae883b0132ae89d4790001',''),('2c9a8ef432f26ced0132f27ada650129','<span style=\'font-family: Arial;font-size: 9pt;font-weight: normal;\'>下列有关计算机犯罪的说法，不正确的是____。</span>',1,0,0.1,0,'2c9a8ef432ae883b0132ae89d4790001',''),('2c9a8ef432f26ced0132f27ada66012f','<span style=\'font-family: Arial;font-size: 9pt;font-weight: normal;\'>以下____属于计算机犯罪的基本类型。</span>',1,0,0.1,0,'2c9a8ef432ae883b0132ae89d4790001',''),('2c9a8ef432f26ced0132f27ada660135','<span style=\'font-family: Arial;font-size: 9pt;font-weight: normal;\'>计算机网络犯罪的主要特点，不包括____。</span>',1,0,0.1,0,'2c9a8ef432ae883b0132ae89d4790001',''),('2c9a8ef432f26ced0132f27ada66013b','<span style=\'font-family: Arial;font-size: 9pt;font-weight: normal;\'>计算机网络犯罪的主要特点，包括____。</span>',1,0,0.1,0,'2c9a8ef432ae883b0132ae89d4790001',''),('2c9a8ef432f26ced0132f27ada670141','<span style=\'font-family: Arial;font-size: 9pt;font-weight: normal;\'>网络安全涉及范围包括____。</span>',1,0,0.1,0,'2c9a8ef432ae883b0132ae89d4790001',''),('2c9a8ef432f26ced0132f27ada670147','<span style=\'font-family: Arial;font-size: 9pt;font-weight: normal;\'>网络安全涉及的方面包括____。</span>',1,0,0.1,0,'2c9a8ef432ae883b0132ae89d4790001',''),('2c9a8ef432f26ced0132f27ada68014d','<span style=\'font-family: Arial;font-size: 9pt;font-weight: normal;\'>常用的保密技术包括____。</span>',1,0,0.1,0,'2c9a8ef432ae883b0132ae89d4790001',''),('2c9a8ef432f26ced0132f27ada680153','<span style=\'font-family: Arial;font-size: 9pt;font-weight: normal;\'>下列关于数据加密的说法中，不正确的是____。</span>',1,0,0.1,0,'2c9a8ef432ae883b0132ae89d4790001',''),('2c9a8ef432f26ced0132f27ada680159','<span style=\'font-family: Arial;font-size: 9pt;font-weight: normal;\'>____一般是指存放在主机中静态信息的可用性和可操作性。</span>',1,0,0.1,0,'2c9a8ef432ae883b0132ae89d4790001',''),('2c9a8ef432f26ced0132f27ada69015f','<span style=\'font-family: Arial;font-size: 9pt;font-weight: normal;\'>下列哪个不属于常见的网络安全问题____。</span>',1,0,0.1,0,'2c9a8ef432ae883b0132ae89d4790001',''),('2c9a8ef432f26ced0132f27ada690165','<span style=\'font-family: Arial;font-size: 9pt;font-weight: normal;\'>网络安全的属性不包括____。</span>',1,0,0.1,0,'2c9a8ef432ae883b0132ae89d4790001',''),('2c9a8ef432f26ced0132f27ada69016b','<span style=\'font-family: Arial;font-size: 9pt;font-weight: normal;\'>下列关于网络安全机密性的措施，不包括____。</span>',1,0,0.1,0,'2c9a8ef432ae883b0132ae89d4790001',''),('2c9a8ef432f26ced0132f27ada6c0171','<span style=\'font-family: Arial;font-size: 9pt;font-weight: normal;\'>下列关于网络安全处理的过程，不正确的是____。</span>',1,0,0.1,0,'2c9a8ef432ae883b0132ae89d4790001',''),('2c9a8ef432f26ced0132f27ada6c0177','<span style=\'font-family: Arial;font-size: 9pt;font-weight: normal;\'>计算机病毒是____。</span>',1,0,0.1,0,'2c9a8ef432ae883b0132ae89d4790001',''),('2c9a8ef432f26ced0132f27ada6d017d','<span style=\'font-family: Arial;font-size: 9pt;font-weight: normal;\'>用某种方法伪装消息以隐藏它的内容的过程称为____。</span>',1,0,0.1,0,'2c9a8ef432ae883b0132ae89d4790001',''),('2c9a8ef432f26ced0132f27ada6e0183','<span style=\'font-family: Arial;font-size: 9pt;font-weight: normal;\'>下列选项中，不属于计算机病毒特征的是____。</span>',1,0,0.1,0,'2c9a8ef432ae883b0132ae89d4790001',''),('2c9a8ef432f26ced0132f27ada6e0189','<span style=\'font-family: Arial;font-size: 9pt;font-weight: normal;\'>下列关于计算机病毒的说法中错误的是____。</span>',1,0,0.1,0,'2c9a8ef432ae883b0132ae89d4790001',''),('2c9a8ef432f26ced0132f27ada6f018f','<span style=\'font-family: Arial;font-size: 9pt;font-weight: normal;\'>对单用户计算机来说，计算机安全不包括____。</span>',1,0,0.1,0,'2c9a8ef432ae883b0132ae89d4790001',''),('2c9a8ef432f26ced0132f27ada6f0195','<span style=\'font-family: Arial;font-size: 9pt;font-weight: normal;\'>目前在企业内部网与外部网之间，检查网络传送的数据是否会对网络安全构成威胁的主要设备是____。</span>',1,0,0.1,0,'2c9a8ef432ae883b0132ae89d4790001',''),('2c9a8ef432f26ced0132f27ada6f019b','<span style=\'font-family: Arial;font-size: 9pt;font-weight: normal;\'>在进行病毒清除时，应当____。</span>',1,0,0.1,0,'2c9a8ef432ae883b0132ae89d4790001',''),('2c9a8ef432f26ced0132f27ada6f01a1','<span style=\'font-family: Arial;font-size: 9pt;font-weight: normal;\'>以下关于计算机病毒说法正确的是____。</span>',1,0,0.1,0,'2c9a8ef432ae883b0132ae89d4790001',''),('2c9a8ef432f26ced0132f27ada7001a7','<span style=\'font-family: Arial;font-size: 9pt;font-weight: normal;\'>若信息在传输过程被未经授权的人篡改，将会影响到信息的____。</span>',1,0,0.1,0,'2c9a8ef432ae883b0132ae89d4790001',''),('2c9a8ef432f26ced0132f27ada7101ad','<span style=\'font-family: Arial;font-size: 9pt;font-weight: normal;\'>计算机病毒不会破坏____。</span>',1,0,0.1,0,'2c9a8ef432ae883b0132ae89d4790001',''),('2c9a8ef432f26ced0132f27ada7101b3','<span style=\'font-family: Arial;font-size: 9pt;font-weight: normal;\'>关于计算机病毒的叙述，不正确的是____。</span>',1,0,0.1,0,'2c9a8ef432ae883b0132ae89d4790001',''),('2c9a8ef432f26ced0132f27ada7101b9','<span style=\'font-family: Arial;font-size: 9pt;font-weight: normal;\'>计算机病毒是一种特殊的计算机程序，具有____等特点。</span>',1,0,0.1,0,'2c9a8ef432ae883b0132ae89d4790001',''),('2c9a8ef432f26ced0132f27ada7201bf','<span style=\'font-family: Arial;font-size: 9pt;font-weight: normal;\'>网络道德的特点不包括____。</span>',1,0,0.1,0,'2c9a8ef432ae883b0132ae89d4790001',''),('2c9a8ef432f26ced0132f27ada7201c5','<span style=\'font-family: Arial;font-size: 9pt;font-weight: normal;\'>在信息安全服务中，本身并不能针对攻击提供保护的是____。</span>',1,0,0.1,0,'2c9a8ef432ae883b0132ae89d4790001',''),('2c9a8ef432f26ced0132f27ada7201cb','<span style=\'font-family: Arial;font-size: 9pt;font-weight: normal;\'>判断一个计算机程序是否为病毒的最主要依据就是看它是否具有____。</span>',1,0,0.1,0,'2c9a8ef432ae883b0132ae89d4790001',''),('2c9a8ef432f26ced0132f27ada7301d1','<span style=\'font-family: Arial;font-size: 9pt;font-weight: normal;\'>一般来说，计算机病毒的预防分为两种：管理方法上的预防和技术上的预防。下列____手段不属于管理手段预防计算机病毒传染。</span>',1,0,0.1,0,'2c9a8ef432ae883b0132ae89d4790001',''),('2c9a8ef432f26ced0132f27ada7301d7','<span style=\'font-family: Arial;font-size: 9pt;font-weight: normal;\'>软件盗版是指未经授权对软件进行复制、仿制、使用或生产。下列____不属于软件盗版的主要形式。</span>',1,0,0.1,0,'2c9a8ef432ae883b0132ae89d4790001',''),('2c9a8ef432f26ced0132f27ada7401dd','<span style=\'font-family: Arial;font-size: 9pt;font-weight: normal;\'>计算机可能传染病毒的途径是____。</span>',1,0,0.1,0,'2c9a8ef432ae883b0132ae89d4790001',''),('2c9a8ef432f26ced0132f27ada7401e3','<span style=\'font-family: Arial;font-size: 9pt;font-weight: normal;\'>下列不是计算机病毒的特征的是____。</span>',1,0,0.1,0,'2c9a8ef432ae883b0132ae89d4790001',''),('2c9a8ef432f26ced0132f27ada7401e9','<span style=\'font-family: Arial;font-size: 9pt;font-weight: normal;\'>以下关于计算机病毒的特征说法正确的是：____。</span>',1,0,0.1,0,'2c9a8ef432ae883b0132ae89d4790001',''),('2c9a8ef432f26ced0132f27ada7401ef','<span style=\'font-family: Arial;font-size: 9pt;font-weight: normal;\'>网络的特殊性决定了网络社会生活中的道德具有不同于现实社会生活中的道德的新的特点与发展趋势。下列特点那个不是网络道德的特点____。</span>',1,0,0.1,0,'2c9a8ef432ae883b0132ae89d4790001',''),('2c9a8ef432f26ced0132f27ada7501f5','<span style=\'font-family: Arial;font-size: 9pt;font-weight: normal;\'>对计算机病毒描述正确的是____。</span>',1,0,0.1,0,'2c9a8ef432ae883b0132ae89d4790001',''),('2c9a8ef432f26ced0132f27ada7601fb','<span style=\'font-family: Arial;font-size: 9pt;font-weight: normal;\'>网络环境下身份认证协议通常采用____来保证消息的完整性、机密性。</span>',1,0,0.1,0,'2c9a8ef432ae883b0132ae89d4790001',''),('2c9a8ef432f26ced0132f27ada760201','<span style=\'font-family: Arial;font-size: 9pt;font-weight: normal;\'>有一种计算机病毒通常寄生在其他文件中，常常通过对编码加密或使用其他技术来隐藏自己，攻击可执行文件。这种计算机病毒被称为____。</span>',1,0,0.1,0,'2c9a8ef432ae883b0132ae89d4790001',''),('2c9a8ef432f26ced0132f27ada770207','<span style=\'font-family: Arial;font-size: 9pt;font-weight: normal;\'>计算机安全通常包括硬件、____安全。</span>',1,0,0.1,0,'2c9a8ef432ae883b0132ae89d4790001',''),('2c9a8ef432f26ced0132f27ada77020d','<span style=\'font-family: Arial;font-size: 9pt;font-weight: normal;\'>计算机病毒属于____范畴。</span>',1,0,0.1,0,'2c9a8ef432ae883b0132ae89d4790001',''),('2c9a8ef432f26ced0132f27ada770213','<span style=\'font-family: Arial;font-size: 9pt;font-weight: normal;\'>从下面的症状可以判断计算机可能被病毒入侵：____。</span>',1,0,0.1,0,'2c9a8ef432ae883b0132ae89d4790001',''),('2c9a8ef432f26ced0132f27ada780219','<span style=\'font-family: Arial;font-size: 9pt;font-weight: normal;\'>以下四项中，____不属于网络信息安全的防范措施。</span>',1,0,0.1,0,'2c9a8ef432ae883b0132ae89d4790001',''),('2c9a8ef432f26ced0132f27ada78021f','<span style=\'font-family: Arial;font-size: 9pt;font-weight: normal;\'>网络道德具有____特点。</span>',1,0,0.1,0,'2c9a8ef432ae883b0132ae89d4790001',''),('2c9a8ef432f26ced0132f27ada780225','<span style=\'font-family: Arial;font-size: 9pt;font-weight: normal;\'>关于计算机病毒，以下说法正确的是：____。</span>',1,0,0.1,0,'2c9a8ef432ae883b0132ae89d4790001',''),('2c9a8ef432f26ced0132f27ada79022b','<span style=\'font-family: Arial;font-size: 9pt;font-weight: normal;\'>关于计算机病毒的预防，以下说法错误的是：____。</span>',1,0,0.1,0,'2c9a8ef432ae883b0132ae89d4790001',''),('2c9a8ef432f26ced0132f27ada7a0231','<span style=\'font-family: Arial;font-size: 9pt;font-weight: normal;\'>下列有关计算机病毒的说法中，错误的是____。</span>',1,0,0.1,0,'2c9a8ef432ae883b0132ae89d4790001',''),('2c9a8ef432f26ced0132f27ada7a0237','<span style=\'font-family: Arial;font-size: 9pt;font-weight: normal;\'>保护计算机网络免受外部的攻击所采用的常用技术称为____。</span>',1,0,0.1,0,'2c9a8ef432ae883b0132ae89d4790001',''),('2c9a8ef432f26ced0132f27ada7a023d','<span style=\'font-family: Arial;font-size: 9pt;font-weight: normal;\'>以下关于计算机病毒的叙述，病毒是____的说法是不正确。</span>',1,0,0.1,0,'2c9a8ef432ae883b0132ae89d4790001',''),('2c9a8ef432f26ced0132f27ada7b0243','<span style=\'font-family: Arial;font-size: 9pt;font-weight: normal;\'>以下____软件不是杀毒软件。</span>',1,0,0.1,0,'2c9a8ef432ae883b0132ae89d4790001',''),('2c9a8ef432f26ced0132f27ada7b0249','<span style=\'font-family: Arial;font-size: 9pt;font-weight: normal;\'>计算机病毒是一种____。</span>',1,0,0.1,0,'2c9a8ef432ae883b0132ae89d4790001',''),('2c9a8ef432f26ced0132f27ada7b024f','<span style=\'font-family: Arial;font-size: 9pt;font-weight: normal;\'>下列选项中____不属于网络安全的问题。</span>',1,0,0.1,0,'2c9a8ef432ae883b0132ae89d4790001',''),('2c9a8ef432f26ced0132f27ada7c0255','<span style=\'font-family: Arial;font-size: 9pt;font-weight: normal;\'>计算机病毒的传播途径不可能是____。</span>',1,0,0.1,0,'2c9a8ef432ae883b0132ae89d4790001',''),('2c9a8ef432f26ced0132f27ada7c025b','<span style=\'font-family: Arial;font-size: 9pt;font-weight: normal;\'>计算机病毒不可以____。</span>',1,0,0.1,0,'2c9a8ef432ae883b0132ae89d4790001',''),('2c9a8ef432f26ced0132f27ada7c0261','<span style=\'font-family: Arial;font-size: 9pt;font-weight: normal;\'>保证用户和进程完成自己的工作而又没有从事其他操作可能，这样能够使失误出错或蓄意袭击造成的危害降低，这通常被称为____。</span>',1,0,0.1,0,'2c9a8ef432ae883b0132ae89d4790001',''),('2c9a8ef432f26ced0132f27ada7d0267','<span style=\'font-family: Arial;font-size: 9pt;font-weight: normal;\'>防火墙____不通过它的连接。</span>',1,0,0.1,0,'2c9a8ef432ae883b0132ae89d4790001',''),('2c9a8ef432f26ced0132f27ada7d026d','<span style=\'font-family: Arial;font-size: 9pt;font-weight: normal;\'>防火墙能够____。</span>',1,0,0.1,0,'2c9a8ef432ae883b0132ae89d4790001',''),('2c9a8ef432f26ced0132f27ada7d0273','<span style=\'font-family: Arial;font-size: 9pt;font-weight: normal;\'>计算机病毒通常是____。</span>',1,0,0.1,0,'2c9a8ef432ae883b0132ae89d4790001',''),('2c9a8ef432f26ced0132f27ada7e0279','<span style=\'font-family: Arial;font-size: 9pt;font-weight: normal;\'>在下列4项中，不属于计算机病毒特征的是____。</span>',1,0,0.1,0,'2c9a8ef432ae883b0132ae89d4790001',''),('2c9a8ef432f26ced0132f27ada7e027f','<span style=\'font-family: Arial;font-size: 9pt;font-weight: normal;\'>计算机病毒对于操作计算机的人____。</span>',1,0,0.1,0,'2c9a8ef432ae883b0132ae89d4790001',''),('2c9a8ef432f26ced0132f27ada7e0285','<span style=\'font-family: Arial;font-size: 9pt;font-weight: normal;\'>Internet&amp;nbsp;病毒主要通过____途径传播。</span>',1,0,0.1,0,'2c9a8ef432ae883b0132ae89d4790001',''),('2c9a8ef432f26ced0132f27ada7f028b','<span style=\'font-family: Arial;font-size: 9pt;font-weight: normal;\'>下述哪项关于安全扫描和安全扫描系统的描述是错误的____。</span>',1,0,0.1,0,'2c9a8ef432ae883b0132ae89d4790001',''),('2c9a8ef432f26ced0132f27ada7f0291','<span style=\'font-family: Arial;font-size: 9pt;font-weight: normal;\'>安全扫描可以实现____。</span>',1,0,0.1,0,'2c9a8ef432ae883b0132ae89d4790001',''),('2c9a8ef432f26ced0132f27ada7f0297','<span style=\'font-family: Arial;font-size: 9pt;font-weight: normal;\'>仅对最近新生成的或修改过的文件进行备份的备份方式是____。</span>',1,0,0.1,0,'2c9a8ef432ae883b0132ae89d4790001',''),('2c9a8ef432f26ced0132f27ada7f029d','<span style=\'font-family: Arial;font-size: 9pt;font-weight: normal;\'>制定数据备份方案时，需要重要考虑的两个因素为适合的备份时间和____。</span>',1,0,0.1,0,'2c9a8ef432ae883b0132ae89d4790001',''),('2c9a8ef432f26ced0132f27ada8002a3','<span style=\'font-family: Arial;font-size: 9pt;font-weight: normal;\'>____不属于必需的灾前预防性措施。</span>',1,0,0.1,0,'2c9a8ef432ae883b0132ae89d4790001',''),('2c9a8ef432f26ced0132f27ada8002a9','<span style=\'font-family: Arial;font-size: 9pt;font-weight: normal;\'>在风险分析时，可按危险的严重性和____划分危险的等级。</span>',1,0,0.1,0,'2c9a8ef432ae883b0132ae89d4790001',''),('2c9a8ef432f26ced0132f27ada8002af','<span style=\'font-family: Arial;font-size: 9pt;font-weight: normal;\'>对于人员管理，____项的描述是错误的。</span>',1,0,0.1,0,'2c9a8ef432ae883b0132ae89d4790001',''),('2c9a8ef432f26ced0132f27ada8102b5','<span style=\'font-family: Arial;font-size: 9pt;font-weight: normal;\'>根据《计算机信息系统国际联网保密管理规定》，涉及国家秘密的计算机信息系统，不得直接或间接地与国际互联网或其它公共信息网络相联接，必须实行____。</span>',1,0,0.1,0,'2c9a8ef432ae883b0132ae89d4790001',''),('2c9a8ef432f26ced0132f27ada8102bb','<span style=\'font-family: Arial;font-size: 9pt;font-weight: normal;\'>根据《计算机信息系统国际联网保密管理规定》，上网信息的保密管理坚持“____”的原则。</span>',1,0,0.1,0,'2c9a8ef432ae883b0132ae89d4790001',''),('2c9a8ef432f26ced0132f27ada8202c1','<span style=\'font-family: Arial;font-size: 9pt;font-weight: normal;\'>根据《计算机信息系统国际联网保密管理规定》，凡向国际联网的站点提供或发布信息，必须经过____。</span>',1,0,0.1,0,'2c9a8ef432ae883b0132ae89d4790001',''),('2c9a8ef432f26ced0132f27ada8202c7','<span style=\'font-family: Arial;font-size: 9pt;font-weight: normal;\'>根据《计算机信息系统国际联网保密管理规定》，保密审批实行部门管理，有关单位应当根据国家保密法规，建立健全上网信息保密审批____。</span>',1,0,0.1,0,'2c9a8ef432ae883b0132ae89d4790001',''),('2c9a8ef432f26ced0132f27ada8202cd','<span style=\'font-family: Arial;font-size: 9pt;font-weight: normal;\'>根据《计算机信息系统国际联网保密管理规定》，凡是在网上开设电子公告系统、聊天室、网络新闻组的单位和用户，应有相应的审批____。</span>',1,0,0.1,0,'2c9a8ef432ae883b0132ae89d4790001',''),('2c9a8ef432f26ced0132f27ada8302d3','<span style=\'font-family: Arial;font-size: 9pt;font-weight: normal;\'>以下哪一个最好的描述了数字证书____。</span>',1,0,0.1,0,'2c9a8ef432ae883b0132ae89d4790001',''),('2c9a8ef432f26ced0132f27ada8302d9','<span style=\'font-family: Arial;font-size: 9pt;font-weight: normal;\'>根据《计算机信息系统保密管理暂行规定》，计算机信息系统存储、处理、传递、输出的涉密信息要有相应的密级标识，密级标识与正文的关系为：____</span>',1,0,0.1,0,'2c9a8ef432ae883b0132ae89d4790001',''),('2c9a8ef432f26ced0132f27ada8302df','<span style=\'font-family: Arial;font-size: 9pt;font-weight: normal;\'>根据《计算机信息系统保密管理暂行规定》，存储过国家秘密信息的计算机媒体在使用方面的限制为：____</span>',1,0,0.1,0,'2c9a8ef432ae883b0132ae89d4790001',''),('2c9a8ef432f26ced0132f27ada8402e5','<span style=\'font-family: Arial;font-size: 9pt;font-weight: normal;\'>根据《涉及国家秘密的通信、办公自动化和计算机信息系统审批暂行办法》，涉密系统中，处理秘密级信息的口令长度不得少于____个字符。</span>',1,0,0.1,0,'2c9a8ef432ae883b0132ae89d4790001',''),('2c9a8ef432f26ced0132f27ada8402eb','<span style=\'font-family: Arial;font-size: 9pt;font-weight: normal;\'>目前，上海驾驶员学习的过程中利用的指纹来识别学员，从而管理相关的学习过程这分别利用的是____。</span>',1,0,0.1,0,'2c9a8ef432ae883b0132ae89d4790001',''),('2c9a8ef432f26ced0132f27ada8502f1','<span style=\'font-family: Arial;font-size: 9pt;font-weight: normal;\'>在工商银行推广的网上银行业务中使用了USB&amp;nbsp;KEY&amp;nbsp;来保障客户的安全性；这利用的是____。</span>',1,0,0.1,0,'2c9a8ef432ae883b0132ae89d4790001',''),('2c9a8ef432f26ced0132f27ada8802f7','<span style=\'font-family: Arial;font-size: 9pt;font-weight: normal;\'>为了正确获得口令并对其进行妥善保护，不应考虑的原则和方法有____。（D）ABC</span>',1,0,0.1,0,'2c9a8ef432ae883b0132ae89d4790001',''),('2c9a8ef432f26ced0132f27ada8902fd','<span style=\'font-family: Arial;font-size: 9pt;font-weight: normal;\'>防火墙对内部网起到了很好的保护作用，怎样维护它的性能？</span>',1,0,0.1,0,'2c9a8ef432ae883b0132ae89d4790001',''),('2c9a8ef432f26ced0132f27ada890303','<span style=\'font-family: Arial;font-size: 9pt;font-weight: normal;\'>关于数据备份与数据恢复，错误的是</span>',1,0,0.1,0,'2c9a8ef432ae883b0132ae89d4790001',''),('2c9a8ef432f26ced0132f27ada890309','<span style=\'font-family: Arial;font-size: 9pt;font-weight: normal;\'>怎样提高应付网络灾难的影响。错误的是</span>',1,0,0.1,0,'2c9a8ef432ae883b0132ae89d4790001',''),('2c9a8ef432f26ced0132f27ada8a030f','<span style=\'font-family: Arial;font-size: 9pt;font-weight: normal;\'>关于木马，哪种是错误的？</span>',1,0,0.1,0,'2c9a8ef432ae883b0132ae89d4790001',''),('2c9a8ef432f26ced0132f27ada8a0315','<span style=\'font-family: Arial;font-size: 9pt;font-weight: normal;\'>关于后门（BackDoor），哪种是错误的？</span>',1,0,0.1,0,'2c9a8ef432ae883b0132ae89d4790001',''),('2c9a8ef432f26ced0132f27ada8a031b','<span style=\'font-family: Arial;font-size: 9pt;font-weight: normal;\'>局域网内部的ARP攻击，错误的是</span>',1,0,0.1,0,'2c9a8ef432ae883b0132ae89d4790001',''),('2c9a8ef432f26ced0132f27ada8a0321','<span style=\'font-family: Arial;font-size: 9pt;font-weight: normal;\'>你的优盘已染上病毒，不能清除病毒的措施是____。</span>',1,0,0.1,0,'2c9a8ef432ae883b0132ae89d4790001',''),('2c9a8ef432f26ced0132f27ada8b0327','<span style=\'font-family: Arial;font-size: 9pt;font-weight: normal;\'>当你感觉到你的Win2000运行速度明显减慢，当你打开任务管理器后发现CPU的使用率达到了百分之百，你最有可能认为你受到了哪一种攻击。</span>',1,0,0.1,0,'2c9a8ef432ae883b0132ae89d4790001',''),('2c9a8ef432f26ced0132f27ada8b032d','<span style=\'font-family: Arial;font-size: 9pt;font-weight: normal;\'>你想发现到达目标网络需要经过哪些路由器，你应该使用什么命令？</span>',1,0,0.1,0,'2c9a8ef432ae883b0132ae89d4790001',''),('2c9a8ef432f26ced0132f27ada8c0333','<span style=\'font-family: Arial;font-size: 9pt;font-weight: normal;\'>在保证密码安全中，我们应采取措施错误的有？</span>',1,0,0.1,0,'2c9a8ef432ae883b0132ae89d4790001',''),('2c9a8ef432f26ced0132f27ada8c0339','<span style=\'font-family: Arial;font-size: 9pt;font-weight: normal;\'>以下关于如何防范针对邮件的攻击，说法错误的的是</span>',1,0,0.1,0,'2c9a8ef432ae883b0132ae89d4790001',''),('2c9a8ef432f26ced0132f27ada8d033f','<span style=\'font-family: Arial;font-size: 9pt;font-weight: normal;\'>计算机病毒是一种破坏计算机功能或者毁坏计算机中所存储数据的。</span>',1,0,0.1,0,'2c9a8ef432ae883b0132ae89d4790001',''),('2c9a8ef432f26ced0132f27ada8d0345','<span style=\'font-family: Arial;font-size: 9pt;font-weight: normal;\'>通常意义上的网络黑客是指通过互联网利用非正常手段。</span>',1,0,0.1,0,'2c9a8ef432ae883b0132ae89d4790001',''),('2c9a8ef432f26ced0132f27ada8e034b','<span style=\'font-family: Arial;font-size: 9pt;font-weight: normal;\'>木马程序一般是指潜藏在用户电脑中带有恶意性质的____，利用它可以在用户不知情的情况下窃取用户联网电脑上的重要数据信息。</span>',1,0,0.1,0,'2c9a8ef432ae883b0132ae89d4790001',''),('2c9a8ef432f26ced0132f27ada8e0351','<span style=\'font-family: Arial;font-size: 9pt;font-weight: normal;\'>网络蠕虫一般指利用计算机系统漏洞、通过互联网传播扩散的一类病毒程序，为了防止受到网络蠕虫的侵害，应当注意对____进行升级更新。</span>',1,0,0.1,0,'2c9a8ef432ae883b0132ae89d4790001',''),('2c9a8ef432f26ced0132f27ada8f0357','<span style=\'font-family: Arial;font-size: 9pt;font-weight: normal;\'>为了有效抵御网络黑客攻击，可以采用____作为安全防御措施。</span>',1,0,0.1,0,'2c9a8ef432ae883b0132ae89d4790001',''),('2c9a8ef432f26ced0132f27ada90035d','<span style=\'font-family: Arial;font-size: 9pt;font-weight: normal;\'>为了防止各种各样的病毒对计算机系统造成危害，可以在计算机上安装防病毒软件，并注意及时____，以保证能防止和查杀新近出现的病毒。</span>',1,0,0.1,0,'2c9a8ef432ae883b0132ae89d4790001',''),('2c9a8ef432f26ced0132f27ada900363','<span style=\'font-family: Arial;font-size: 9pt;font-weight: normal;\'>据《东方早报》2005年11月14日消息，伊朗核计划相关实验室一台笔记本电脑被偷，其中存有伊朗秘密发展核武器项目的设计文档1000多页，美国和欧盟从中获得了“伊朗造核弹头”的证据。带来了严重的信息安全问题，下面说法错误的有：</span>',1,0,0.1,0,'2c9a8ef432ae883b0132ae89d4790001',''),('2c9a8ef432f26ced0132f27ada900369','<span style=\'font-family: Arial;font-size: 9pt;font-weight: normal;\'>为了保证信息安全，信息安全管理原则有</span>',1,0,0.1,0,'2c9a8ef432ae883b0132ae89d4790001',''),('2c9a8ef432f26ced0132f27ada91036f','<span style=\'font-family: Arial;font-size: 9pt;font-weight: normal;\'>对数据进行备份，下列方法错误的有</span>',1,0,0.1,0,'2c9a8ef432ae883b0132ae89d4790001',''),('2c9a8ef432f26ced0132f27ada910375','<span style=\'font-family: Arial;font-size: 9pt;font-weight: normal;\'>不能消除病毒的方法是</span>',1,0,0.1,0,'2c9a8ef432ae883b0132ae89d4790001',''),('2c9a8ef432f26ced0132f27ada91037b','<span style=\'font-family: Arial;font-size: 9pt;font-weight: normal;\'>典型的电子邮件地址一般由____和主机域名组成。</span>',1,0,0.1,0,'2c9a8ef432ae883b0132ae89d4790001',''),('2c9a8ef432f26ced0132f27ada920381','<span style=\'font-family: Arial;font-size: 9pt;font-weight: normal;\'>静电是电脑的无形杀手，它对元器件的杀伤力不容忽视。下面说法错误的是</span>',1,0,0.1,0,'2c9a8ef432ae883b0132ae89d4790001',''),('2c9a8ef432f26ced0132f27ada930387','<span style=\'font-family: Arial;font-size: 9pt;font-weight: normal;\'>无论你是申请邮箱还是玩网络游戏，都少不了要注册，这样你便会要填密码，对于密码以下错误的是</span>',1,0,0.1,0,'2c9a8ef432ae883b0132ae89d4790001',''),('2c9a8ef432f26ced0132f27ada93038d','<span style=\'font-family: Arial;font-size: 9pt;font-weight: normal;\'>关于垃圾邮件的说法正确的是：</span>',1,0,0.1,0,'2c9a8ef432ae883b0132ae89d4790001',''),('2c9a8ef432f26ced0132f27ada930393','<span style=\'font-family: Arial;font-size: 9pt;font-weight: normal;\'>什么叫邮件炸弹？下面说法有错的是？</span>',1,0,0.1,0,'2c9a8ef432ae883b0132ae89d4790001',''),('2c9a8ef432f26ced0132f27ada940399','<span style=\'font-family: Arial;font-size: 9pt;font-weight: normal;\'>统计数据表明，网络和信息系统最大的人为安全威胁来自于____。</span>',1,0,0.1,0,'2c9a8ef432ae883b0132ae89d4790001',''),('2c9a8ef432f26ced0132f27ada94039f','<span style=\'font-family: Arial;font-size: 9pt;font-weight: normal;\'>网络信息未经授权不能进行改变的特性是____。</span>',1,0,0.1,0,'2c9a8ef432ae883b0132ae89d4790001',''),('2c9a8ef432f26ced0132f27ada9403a5','<span style=\'font-family: Arial;font-size: 9pt;font-weight: normal;\'>确保信息在存储、使用、传输过程中不会泄露给非授权的用户或者实体的特性是____。</span>',1,0,0.1,0,'2c9a8ef432ae883b0132ae89d4790001',''),('2c9a8ef432f26ced0132f27ada9403ab','<span style=\'font-family: Arial;font-size: 9pt;font-weight: normal;\'>确保授权用户或者实体对于信息及资源的正常使用不会被异常拒绝，允许其可靠而且及时地访问信息及资源的特性是____。</span>',1,0,0.1,0,'2c9a8ef432ae883b0132ae89d4790001',''),('2c9a8ef432f26ced0132f27ada9503b1','<span style=\'font-family: Arial;font-size: 9pt;font-weight: normal;\'>____国务院发布《计算机信息系统安全保护条例》。</span>',1,0,0.1,0,'2c9a8ef432ae883b0132ae89d4790001',''),('2c9a8ef432f26ced0132f27ada9503b7','<span style=\'font-family: Arial;font-size: 9pt;font-weight: normal;\'>在目前的信息网络中，____病毒是最主要的病毒类型。</span>',1,0,0.1,0,'2c9a8ef432ae883b0132ae89d4790001',''),('2c9a8ef432f26ced0132f27ada9603bd','<span style=\'font-family: Arial;font-size: 9pt;font-weight: normal;\'>在ISO／IEC&amp;nbsp;17799中，防止恶意软件的目的就是为了保护软件和信息的____。</span>',1,0,0.1,0,'2c9a8ef432ae883b0132ae89d4790001',''),('2c9a8ef432f26ced0132f27ada9603c3','<span style=\'font-family: Arial;font-size: 9pt;font-weight: normal;\'>在生成系统帐号时，系统管理员应该分配给合法用户一个____，用户在第一次登录时应更改口令。</span>',1,0,0.1,0,'2c9a8ef432ae883b0132ae89d4790001',''),('2c9a8ef432f26ced0132f27ada9603c9','<span style=\'font-family: Arial;font-size: 9pt;font-weight: normal;\'>关于防火墙和VPN的使用，下面说法不正确的是____。</span>',1,0,0.1,0,'2c9a8ef432ae883b0132ae89d4790001',''),('2c9a8ef432f26ced0132f27ada9803cf','<span style=\'font-family: Arial;font-size: 9pt;font-weight: normal;\'>环境安全策略应该____。</span>',1,0,0.1,0,'2c9a8ef432ae883b0132ae89d4790001',''),('2c9a8ef432f26ced0132f27ada9803d5','<span style=\'font-family: Arial;font-size: 9pt;font-weight: normal;\'>《计算机信息系统安全保护条例》规定，计算机信息系统的安全保护工作，重点维护国家事务、经济建设、国防建设、尖端科学技术等重要领域的____的安全。</span>',1,0,0.1,0,'2c9a8ef432ae883b0132ae89d4790001',''),('2c9a8ef432f26ced0132f27ada9903db','<span style=\'font-family: Arial;font-size: 9pt;font-weight: normal;\'>《计算机信息系统安全保护条例》规定，国家对计算机信息系统安全专用产品的销售实行____。</span>',1,0,0.1,0,'2c9a8ef432ae883b0132ae89d4790001',''),('2c9a8ef432f26ced0132f27ada9903e1','<span style=\'font-family: Arial;font-size: 9pt;font-weight: normal;\'>《互联网上网服务营业场所管理条例》规定，互联网上网服务营业场所经营单位____。</span>',1,0,0.1,0,'2c9a8ef432ae883b0132ae89d4790001',''),('2c9a8ef432f26ced0132f27ada9a03e7','<span style=\'font-family: Arial;font-size: 9pt;font-weight: normal;\'>____是一种架构在公用通信基础设施上的专用数据通信网络，利用IPSec等网络层安全协议和建立在PKI的加密与签名技术来获得私有性。</span>',1,0,0.1,0,'2c9a8ef432ae883b0132ae89d4790001',''),('2c9a8ef432f26ced0132f27ada9a03ed','<span style=\'font-family: Arial;font-size: 9pt;font-weight: normal;\'>《计算机信息系统安全保护条例》规定，运输、携带、邮寄计算机信息媒体进出境的，应当如实向____。</span>',1,0,0.1,0,'2c9a8ef432ae883b0132ae89d4790001',''),('2c9a8ef432f26ced0132f27ada9a03f3','<span style=\'font-family: Arial;font-size: 9pt;font-weight: normal;\'>《计算机信息系统安全保护条例》规定，故意输入计算机病毒以及其他有害数据危害计算机信息系统安全的，或者未经许可出售计算机信息系统安全专用产品的，由公安机关处以警告或者对个人处以____的罚款、对单位处以____的罚款。</span>',1,0,0.1,0,'2c9a8ef432ae883b0132ae89d4790001',''),('2c9a8ef432f26ced0132f27ada9a03f9','<span style=\'font-family: Arial;font-size: 9pt;font-weight: normal;\'>计算机犯罪，是指行为人通过____所实施的危害____安全以及其他严重危害社会的并应当处以刑罚的行为。</span>',1,0,0.1,0,'2c9a8ef432ae883b0132ae89d4790001',''),('2c9a8ef432f26ced0132f27ada9b03ff','<span style=\'font-family: Arial;font-size: 9pt;font-weight: normal;\'>策略应该清晰，无须借助过多的特殊一通用需求文档描述，并且还要有具体的____。</span>',1,0,0.1,0,'2c9a8ef432ae883b0132ae89d4790001',''),('2c9a8ef432f26ced0132f27ada9b0405','<span style=\'font-family: Arial;font-size: 9pt;font-weight: normal;\'>系统备份与普通数据备份的不同在于，它不仅备份系统中的数据，还备份系统中安装的应用程序、数据库系统、用户设置、系统参数等信息，以便迅速____。</span>',1,0,0.1,0,'2c9a8ef432ae883b0132ae89d4790001',''),('2c9a8ef432f26ced0132f27ada9b040b','<span style=\'font-family: Arial;font-size: 9pt;font-weight: normal;\'>在一个企业网中，防火墙应该是____的一部分，构建防火墙时首先要考虑其保护的范围。</span>',1,0,0.1,0,'2c9a8ef432ae883b0132ae89d4790001',''),('2c9a8ef432f26ced0132f27ada9c0411','<span style=\'font-family: Arial;font-size: 9pt;font-weight: normal;\'>信息安全策略的制定和维护中，最重要是要保证其____和相对稳定性。</span>',1,0,0.1,0,'2c9a8ef432ae883b0132ae89d4790001',''),('2c9a8ef432f26ced0132f27ada9e0417','<span style=\'font-family: Arial;font-size: 9pt;font-weight: normal;\'>____是企业信息安全的核心。</span>',1,0,0.1,0,'2c9a8ef432ae883b0132ae89d4790001',''),('2c9a8ef432f26ced0132f27ada9f041d','<span style=\'font-family: Arial;font-size: 9pt;font-weight: normal;\'>编制或者在计算机程序中插入的破坏计算机功能或者毁坏数据，影响计算机使用，并能自我复制的一组计算机指令或者程序代码是____。</span>',1,0,0.1,0,'2c9a8ef432ae883b0132ae89d4790001',''),('2c9a8ef432f26ced0132f27adaa00423','<span style=\'font-family: Arial;font-size: 9pt;font-weight: normal;\'>许多与PKI相关的协议标准(如PKIX、S／MIME、SSL、TLS、IPSec)等都是在____基础上发展起来的。</span>',1,0,0.1,0,'2c9a8ef432ae883b0132ae89d4790001',''),('2c9a8ef432f26ced0132f27adaa00429','<span style=\'font-family: Arial;font-size: 9pt;font-weight: normal;\'>____是PKI体系中最基本的元素，PKI系统所有的安全操作都是通过该机制采实现的。</span>',1,0,0.1,0,'2c9a8ef432ae883b0132ae89d4790001',''),('2c9a8ef432f26ced0132f27adaa1042f','<span style=\'font-family: Arial;font-size: 9pt;font-weight: normal;\'>基于密码技术的访问控制是防止____的主要防护手段。</span>',1,0,0.1,0,'2c9a8ef432ae883b0132ae89d4790001',''),('2c9a8ef432f26ced0132f27adaa10435','<span style=\'font-family: Arial;font-size: 9pt;font-weight: normal;\'>避免对系统非法访问的主要方法是____。</span>',1,0,0.1,0,'2c9a8ef432ae883b0132ae89d4790001',''),('2c9a8ef432f26ced0132f27adaa1043b','<span style=\'font-family: Arial;font-size: 9pt;font-weight: normal;\'>对保护数据来说，功能完善、使用灵活的____必不可少。</span>',1,0,0.1,0,'2c9a8ef432ae883b0132ae89d4790001',''),('2c9a8ef432f26ced0132f27adaa10441','<span style=\'font-family: Arial;font-size: 9pt;font-weight: normal;\'>要实现有效的计算机和网络病毒防治，____应承担责任。</span>',1,0,0.1,0,'2c9a8ef432ae883b0132ae89d4790001',''),('2c9a8ef432f26ced0132f27adaa20447','<span style=\'font-family: Arial;font-size: 9pt;font-weight: normal;\'>在一个信息安全保障体系中，最重要的核心组成部分为____。</span>',1,0,0.1,0,'2c9a8ef432ae883b0132ae89d4790001',''),('2c9a8ef432f26ced0132f27adaa2044d','<span style=\'font-family: Arial;font-size: 9pt;font-weight: normal;\'>国家信息化领导小组在《关于加强信息安全保障工作的意见》中，针对下一时期的信息安全保障工作提出了____项要求。</span>',1,0,0.1,0,'2c9a8ef432ae883b0132ae89d4790001',''),('2c9a8ef432f26ced0132f27adaa30453','<span style=\'font-family: Arial;font-size: 9pt;font-weight: normal;\'>《确保网络空间安全的国家战略》是____发布的国家战略。</span>',1,0,0.1,0,'2c9a8ef432ae883b0132ae89d4790001',''),('2c9a8ef432f26ced0132f27adaa30459','<span style=\'font-family: Arial;font-size: 9pt;font-weight: normal;\'>《计算机信息系统安全保护条例》规定，____主管全国计算机信息系统安全保护工作。</span>',1,0,0.1,0,'2c9a8ef432ae883b0132ae89d4790001',''),('2c9a8ef432f26ced0132f27adaa3045f','<span style=\'font-family: Arial;font-size: 9pt;font-weight: normal;\'>下列____不属于物理安全控制措施。</span>',1,0,0.1,0,'2c9a8ef432ae883b0132ae89d4790001',''),('2c9a8ef432f26ced0132f27adaa40465','<span style=\'font-family: Arial;font-size: 9pt;font-weight: normal;\'>灾难恢复计划或者业务连续性计划关注的是信息资产的____属性。</span>',1,0,0.1,0,'2c9a8ef432ae883b0132ae89d4790001',''),('2c9a8ef432f26ced0132f27adaa4046b','<span style=\'font-family: Arial;font-size: 9pt;font-weight: normal;\'>VPN是____的简称。</span>',1,0,0.1,0,'2c9a8ef432ae883b0132ae89d4790001',''),('2c9a8ef432f26ced0132f27adaa40471','<span style=\'font-family: Arial;font-size: 9pt;font-weight: normal;\'>部署VPN产品，不能实现对____属性的需求。</span>',1,0,0.1,0,'2c9a8ef432ae883b0132ae89d4790001',''),('2c9a8ef432f26ced0132f27adaa50477','<span style=\'font-family: Arial;font-size: 9pt;font-weight: normal;\'>____是最常用的公钥密码算法。</span>',1,0,0.1,0,'2c9a8ef432ae883b0132ae89d4790001',''),('2c9a8ef432f26ced0132f27adaa5047d','<span style=\'font-family: Arial;font-size: 9pt;font-weight: normal;\'>PKI的主要理论基础是____。</span>',1,0,0.1,0,'2c9a8ef432ae883b0132ae89d4790001',''),('2c9a8ef432f26ced0132f27adaa50483','<span style=\'font-family: Arial;font-size: 9pt;font-weight: normal;\'>PKI中进行数字证书管理的核心组成模块是____&amp;nbsp;。</span>',1,0,0.1,0,'2c9a8ef432ae883b0132ae89d4790001',''),('2c9a8ef432f26ced0132f27adaa50489','<span style=\'font-family: Arial;font-size: 9pt;font-weight: normal;\'>信息安全中的木桶原理，是指____。</span>',1,0,0.1,0,'2c9a8ef432ae883b0132ae89d4790001',''),('2c9a8ef432f26ced0132f27adaa6048f','<span style=\'font-family: Arial;font-size: 9pt;font-weight: normal;\'>关于信息安全的说法错误的是____。</span>',1,0,0.1,0,'2c9a8ef432ae883b0132ae89d4790001',''),('2c9a8ef432f26ced0132f27adaa60495','<span style=\'font-family: Arial;font-size: 9pt;font-weight: normal;\'>PDR模型是第一个从时间关系描述一个信息系统是否安全的模型，PDR模型中的P代表____、D代表____、R代表____。</span>',1,0,0.1,0,'2c9a8ef432ae883b0132ae89d4790001',''),('2c9a8ef432f26ced0132f27adaa6049b','<span style=\'font-family: Arial;font-size: 9pt;font-weight: normal;\'>《计算机信息系统安全保护条例》规定，任何组织或者个人违反条例的规定，给国家、集体或者他人财产造成损失的，应当依法承担____。</span>',1,0,0.1,0,'2c9a8ef432ae883b0132ae89d4790001',''),('2c9a8ef432f26ced0132f27adaa604a1','<span style=\'font-family: Arial;font-size: 9pt;font-weight: normal;\'>在信息安全管理中进行____，可以有效解决人员安全意识薄弱问题。</span>',1,0,0.1,0,'2c9a8ef432ae883b0132ae89d4790001',''),('2c9a8ef432f26ced0132f27adaa704a7','<span style=\'font-family: Arial;font-size: 9pt;font-weight: normal;\'>关于信息安全，下列说法中正确的是____。</span>',1,0,0.1,0,'2c9a8ef432ae883b0132ae89d4790001',''),('2c9a8ef432f26ced0132f27adaa704ad','<span style=\'font-family: Arial;font-size: 9pt;font-weight: normal;\'>在PPDRR安全模型中，____是属于安全事件发生后的补救措施。</span>',1,0,0.1,0,'2c9a8ef432ae883b0132ae89d4790001',''),('2c9a8ef432f26ced0132f27adaa704b3','<span style=\'font-family: Arial;font-size: 9pt;font-weight: normal;\'>根据权限管理的原则，—个计算机操作员不应当具备访问____的权限。</span>',1,0,0.1,0,'2c9a8ef432ae883b0132ae89d4790001',''),('2c9a9087331ae49201331b06d4170005','大幅度防盗防',5,1,0.1,0,'2c9a8ef43287c213013287cafdc90002','<span style=\"color:#aaa;\">点击输入</span><br />\r\n&nbsp; <br />\r\n&nbsp; <br />\r\n&nbsp; 大幅度防盗防');
/*!40000 ALTER TABLE `question` ENABLE KEYS */;
UNLOCK TABLES;

--
-- Table structure for table `question_option`
--

DROP TABLE IF EXISTS `question_option`;
/*!40101 SET @saved_cs_client     = @@character_set_client */;
/*!40101 SET character_set_client = utf8 */;
CREATE TABLE `question_option` (
  `optionId` char(32) NOT NULL,
  `questionId` char(32) NOT NULL,
  `content` mediumtext NOT NULL,
  `isAnswer` tinyint(1) NOT NULL DEFAULT '0',
  PRIMARY KEY (`optionId`),
  KEY `FK_Reference_2` (`questionId`),
  CONSTRAINT `FK_Reference_2` FOREIGN KEY (`questionId`) REFERENCES `question` (`questionId`) ON DELETE CASCADE ON UPDATE CASCADE
) ENGINE=InnoDB DEFAULT CHARSET=utf8;
/*!40101 SET character_set_client = @saved_cs_client */;

--
-- Dumping data for table `question_option`
--

LOCK TABLES `question_option` WRITE;
/*!40000 ALTER TABLE `question_option` DISABLE KEYS */;
INSERT INTO `question_option` VALUES ('2c9a8ef432f26ced0132f2786fa7000a','2c9a8ef432f26ced0132f2786f9e0009','Compilation fails',0),('2c9a8ef432f26ced0132f2786fa7000b','2c9a8ef432f26ced0132f2786f9e0009','An exception is thrown at runtime.',1),('2c9a8ef432f26ced0132f2786fa7000c','2c9a8ef432f26ced0132f2786f9e0009','An instance of Forest is serialized.',0),('2c9a8ef432f26ced0132f2786fa8000d','2c9a8ef432f26ced0132f2786f9e0009','An instance of Forest and an instance of Tree are both serialized.',0),('2c9a8ef432f26ced0132f2786fab0010','2c9a8ef432f26ced0132f2786fab000f','s.defaultReadObject();',0),('2c9a8ef432f26ced0132f2786fab0011','2c9a8ef432f26ced0132f2786fab000f','this = s.defaultReadObject();',0),('2c9a8ef432f26ced0132f2786fac0012','2c9a8ef432f26ced0132f2786fab000f','y = s.default(); x = s.readInt();',0),('2c9a8ef432f26ced0132f2786fac0013','2c9a8ef432f26ced0132f2786fab000f','x = s.readInt(); y = s.readInt();',1),('2c9a8ef432f26ced0132f2786fac0016','2c9a8ef432f26ced0132f2786fac0015','0',0),('2c9a8ef432f26ced0132f2786fac0017','2c9a8ef432f26ced0132f2786fac0015','1',0),('2c9a8ef432f26ced0132f2786fac0018','2c9a8ef432f26ced0132f2786fac0015','4',0),('2c9a8ef432f26ced0132f2786fac0019','2c9a8ef432f26ced0132f2786fac0015','Compilation fails',1),('2c9a8ef432f26ced0132f2786fad001a','2c9a8ef432f26ced0132f2786fac0015','An exception is thrown at runtime',0),('2c9a8ef432f26ced0132f2786fad001d','2c9a8ef432f26ced0132f2786fad001c','The value of s is 14 - dic-2004',0),('2c9a8ef432f26ced0132f2786fad001e','2c9a8ef432f26ced0132f2786fad001c','The value of s is Dec 14, 2000',0),('2c9a8ef432f26ced0132f2786fad001f','2c9a8ef432f26ced0132f2786fad001c','An exception is thrown at runtime',0),('2c9a8ef432f26ced0132f2786fae0020','2c9a8ef432f26ced0132f2786fad001c','Compilation fails because of an error in line 13.',1),('2c9a8ef432f26ced0132f2786fae0023','2c9a8ef432f26ced0132f2786fae0022','closing the stream',0),('2c9a8ef432f26ced0132f2786fae0024','2c9a8ef432f26ced0132f2786fae0022','flushing the stream',0),('2c9a8ef432f26ced0132f2786fae0025','2c9a8ef432f26ced0132f2786fae0022','writing to the stream',0),('2c9a8ef432f26ced0132f2786faf0026','2c9a8ef432f26ced0132f2786fae0022','marking a location in the stream',0),('2c9a8ef432f26ced0132f2786faf0027','2c9a8ef432f26ced0132f2786fae0022','writing a line separator to the stream',1),('2c9a8ef432f26ced0132f2786fb3002a','2c9a8ef432f26ced0132f2786faf0029','String s = \"123456789\";\ns = (s - \"123\").replace(1, 3, \"24\") - \"89\";',0),('2c9a8ef432f26ced0132f2786fb3002b','2c9a8ef432f26ced0132f2786faf0029','StringBuffer s = new StringBuffer(\"123456789\");\ns.delete(0, 3).replace(1, 3, \"24\").delete(4, 6);',1),('2c9a8ef432f26ced0132f2786fb3002c','2c9a8ef432f26ced0132f2786faf0029','StringBuffer s = new StringBuffer(\"123456789\");\ns.substring(3, 6).delete(1, 3).insert(1, \"24\");',0),('2c9a8ef432f26ced0132f2786fb3002d','2c9a8ef432f26ced0132f2786faf0029','StringBuilder s = new StringBuilder(\"123456789\");\ns.substring(3, 6).delete(1, 2).insert(1, \"24\");',0),('2c9a8ef432f26ced0132f2786fb4002e','2c9a8ef432f26ced0132f2786faf0029','StringBuilder s = new StringBuilder(\"123456789\");\ns.delete(0, 3)replace(1, 3, \"\").delete(2, 5).insert(1, \"24\");',1),('2c9a8ef432f26ced0132f2786fb40031','2c9a8ef432f26ced0132f2786fb40030','Object from classes that use aggregation cannot be serialized.',0),('2c9a8ef432f26ced0132f2786fb40032','2c9a8ef432f26ced0132f2786fb40030','An object serialized on one JVM can be successfully desterilized on a differrent JVM.',1),('2c9a8ef432f26ced0132f2786fb40033','2c9a8ef432f26ced0132f2786fb40030','The values in fields with the volatile modifier will NOT survive serialization and deserialization.',0),('2c9a8ef432f26ced0132f2786fb40034','2c9a8ef432f26ced0132f2786fb40030','The values in fields with the transient modifier will NOT survive serialization and deserialization.',1),('2c9a8ef432f26ced0132f2786fb40035','2c9a8ef432f26ced0132f2786fb40030','It is legal to serialize an object of a type that has a supertype that does NOT implement java.io.Serialization.',1),('2c9a8ef432f26ced0132f2786fb40038','2c9a8ef432f26ced0132f2786fb40037','short Long',0),('2c9a8ef432f26ced0132f2786fb40039','2c9a8ef432f26ced0132f2786fb40037','SHORT LONG',0),('2c9a8ef432f26ced0132f2786fb4003a','2c9a8ef432f26ced0132f2786fb40037','Compilation fails',1),('2c9a8ef432f26ced0132f2786fb5003b','2c9a8ef432f26ced0132f2786fb40037','An exception is thrown at runtime',0),('2c9a8ef432f26ced0132f2786fb5003e','2c9a8ef432f26ced0132f2786fb5003d','Locale loc = Locale.getLocal();\nSystem.out.println(loc.getDisplayCountry());',0),('2c9a8ef432f26ced0132f2786fb5003f','2c9a8ef432f26ced0132f2786fb5003d','Locale loc = Locale.getDefault();\nSystem.out.println(loc.getDisplayCountry() + \" \" + df.format(d));',1),('2c9a8ef432f26ced0132f2786fb50040','2c9a8ef432f26ced0132f2786fb5003d','Locale loc = Locale.getLocal();\nSystem.out.println(loc.getDisplayCountry() + \" \" + df.setDateFormat(d));',0),('2c9a8ef432f26ced0132f2786fb50041','2c9a8ef432f26ced0132f2786fb5003d','Locale loc = Locale.getDefault(); \nSystem.out.println(loc.getDisplayCountry() + \" \" + df.setDateFormat(d));',0),('2c9a8ef432f26ced0132f2786fb50044','2c9a8ef432f26ced0132f2786fb50043','Compilation fails.',0),('2c9a8ef432f26ced0132f2786fb50045','2c9a8ef432f26ced0132f2786fb50043','An exception is thrown at runtime.',0),('2c9a8ef432f26ced0132f2786fb50046','2c9a8ef432f26ced0132f2786fb50043','The code executes and prints \"running\"',0),('2c9a8ef432f26ced0132f2786fb50047','2c9a8ef432f26ced0132f2786fb50043','The code executes and prints \"runningrunning\"',0),('2c9a8ef432f26ced0132f2786fb50048','2c9a8ef432f26ced0132f2786fb50043','The code executes and prints \"runningrunningrunning\"',1),('2c9a8ef432f26ced0132f2786fb6004b','2c9a8ef432f26ced0132f2786fb6004a','0,2,4,4,6,8,10,6,',1),('2c9a8ef432f26ced0132f2786fb6004c','2c9a8ef432f26ced0132f2786fb6004a','0,2,4,6,8,10,2,4,',0),('2c9a8ef432f26ced0132f2786fb6004d','2c9a8ef432f26ced0132f2786fb6004a','0,2,4,6,8,10,12,14,',1),('2c9a8ef432f26ced0132f2786fb6004e','2c9a8ef432f26ced0132f2786fb6004a','0,0,2,2,4,4,6,6,8,8,10,10,12,12,14,14,',0),('2c9a8ef432f26ced0132f2786fb6004f','2c9a8ef432f26ced0132f2786fb6004a','0,2,4,6,8,10,12,14,0,2,4,6,8,10,12,14,',0),('2c9a8ef432f26ced0132f2786fb60052','2c9a8ef432f26ced0132f2786fb60051','This code may throw an InterruptedException',1),('2c9a8ef432f26ced0132f2786fb60053','2c9a8ef432f26ced0132f2786fb60051','This code may throw an IllegalStateExcepion',0),('2c9a8ef432f26ced0132f2786fb60054','2c9a8ef432f26ced0132f2786fb60051','This code may throw a TimeOutException after ten minutes',0),('2c9a8ef432f26ced0132f2786fb60055','2c9a8ef432f26ced0132f2786fb60051','This code will not compile unless \"obj.wait()\" is replaced with \"((Thread) obj).wait()\"',0),('2c9a8ef432f26ced0132f2786fb60056','2c9a8ef432f26ced0132f2786fb60051','Reversing the order of obj.wait() and obj.notify() may cause this method to complete normally',0),('2c9a8ef432f26ced0132f2786fb60059','2c9a8ef432f26ced0132f2786fb60058','Compilation fails',0),('2c9a8ef432f26ced0132f2786fb7005a','2c9a8ef432f26ced0132f2786fb60058','An exception is thrown at runtime',0),('2c9a8ef432f26ced0132f2786fb7005b','2c9a8ef432f26ced0132f2786fb60058','The code executes and prints \"StartedComplete\"',0),('2c9a8ef432f26ced0132f2786fb7005c','2c9a8ef432f26ced0132f2786fb60058','The code executes and prints \"StartedComplete0123\"',0),('2c9a8ef432f26ced0132f2786fb7005d','2c9a8ef432f26ced0132f2786fb60058','The code executes and prints \"Started0123Complete\"',1),('2c9a8ef432f26ced0132f2786fb70060','2c9a8ef432f26ced0132f2786fb7005f','new Thread() {\n  public void run() { doStuff(); }\n};',0),('2c9a8ef432f26ced0132f2786fb70061','2c9a8ef432f26ced0132f2786fb7005f','new Thread() {\n  public void start() { doStuff(); }\n};',0),('2c9a8ef432f26ced0132f2786fb70062','2c9a8ef432f26ced0132f2786fb7005f','new Thread() {\n  public void run() { doStuff(); }\n}.run();',0),('2c9a8ef432f26ced0132f2786fb70063','2c9a8ef432f26ced0132f2786fb7005f','new Thread() { \n  public void run() { doStuff(); }\n}.start();',1),('2c9a8ef432f26ced0132f2786fb70064','2c9a8ef432f26ced0132f2786fb7005f','new Thread(new Runable() {\n  public void run() { doStuff(); }\n}).run()',0),('2c9a8ef432f26ced0132f2786fb70065','2c9a8ef432f26ced0132f2786fb7005f','new Thread(new Runnable() {\n  public void run() { doStuff(); }\n}).start();',1),('2c9a8ef432f26ced0132f2786fb70068','2c9a8ef432f26ced0132f2786fb70067','private synchronized object o;',0),('2c9a8ef432f26ced0132f2786fb70069','2c9a8ef432f26ced0132f2786fb70067','void go() {\n  synchronized() { /* code here */ }\n}',0),('2c9a8ef432f26ced0132f2786fb8006a','2c9a8ef432f26ced0132f2786fb70067','public synchronized void go() { /* code here */ }',1),('2c9a8ef432f26ced0132f2786fb8006b','2c9a8ef432f26ced0132f2786fb70067','private synchronized(this) void go() { /* code here */ }',0),('2c9a8ef432f26ced0132f2786fb8006c','2c9a8ef432f26ced0132f2786fb70067','void go() {\n  synchronized(Object.class) { /* code here */ }\n} ',1),('2c9a8ef432f26ced0132f2786fb8006d','2c9a8ef432f26ced0132f2786fb70067','void go() {\n  synchronized(o) { /* code here */ }\n}',1),('2c9a8ef432f26ced0132f2786fb80070','2c9a8ef432f26ced0132f2786fb8006f','The code will deadlock',0),('2c9a8ef432f26ced0132f2786fb80071','2c9a8ef432f26ced0132f2786fb8006f','The code may run with no output',0),('2c9a8ef432f26ced0132f2786fb80072','2c9a8ef432f26ced0132f2786fb8006f','An exception is thrown at runtime',0),('2c9a8ef432f26ced0132f2786fb80073','2c9a8ef432f26ced0132f2786fb8006f','The code may run with output \"0 6 \"',0),('2c9a8ef432f26ced0132f2786fb80074','2c9a8ef432f26ced0132f2786fb8006f','The code may run with output \"2 0 6 4 \"',0),('2c9a8ef432f26ced0132f2786fb90075','2c9a8ef432f26ced0132f2786fb8006f','The code may run with output \"0 2 4 6 \"',1),('2c9a8ef432f26ced0132f2786fb90078','2c9a8ef432f26ced0132f2786fb90077','Compilation fails',0),('2c9a8ef432f26ced0132f2786fb90079','2c9a8ef432f26ced0132f2786fb90077','An exception is thrown at runtime',0),('2c9a8ef432f26ced0132f2786fb9007a','2c9a8ef432f26ced0132f2786fb90077','The code executes normally and prints \"sleep\"',1),('2c9a8ef432f26ced0132f2786fba007b','2c9a8ef432f26ced0132f2786fb90077','The code executes normally, but nothing is printed.',0),('2c9a8ef432f26ced0132f2786fba007e','2c9a8ef432f26ced0132f2786fba007d','Inheritance represents an is-a relationship',1),('2c9a8ef432f26ced0132f2786fba007f','2c9a8ef432f26ced0132f2786fba007d','Inheritance represents a has-a relationship',0),('2c9a8ef432f26ced0132f2786fba0080','2c9a8ef432f26ced0132f2786fba007d','Interfaces must be used when creating a has-a relationship',0),('2c9a8ef432f26ced0132f2786fba0081','2c9a8ef432f26ced0132f2786fba007d','Instance variables can be used when creating a has-a relationship',1),('2c9a8ef432f26ced0132f2786fba0084','2c9a8ef432f26ced0132f2786fba0083','any class',0),('2c9a8ef432f26ced0132f2786fba0085','2c9a8ef432f26ced0132f2786fba0083','only the Target class',0),('2c9a8ef432f26ced0132f2786fba0086','2c9a8ef432f26ced0132f2786fba0083','any class in the certkiller package',1),('2c9a8ef432f26ced0132f2786fba0087','2c9a8ef432f26ced0132f2786fba0083','any class that extends Target',0),('2c9a8ef432f26ced0132f2786fbb008a','2c9a8ef432f26ced0132f2786fba0089','A final method in class X can be abstract if and only if X is abstract.',0),('2c9a8ef432f26ced0132f2786fbb008b','2c9a8ef432f26ced0132f2786fba0089','A protected method in class X can be overridden by any subclass of X.',1),('2c9a8ef432f26ced0132f2786fbb008c','2c9a8ef432f26ced0132f2786fba0089','A private static method can be called only within other static methods in class X.',0),('2c9a8ef432f26ced0132f2786fbb008d','2c9a8ef432f26ced0132f2786fba0089','A non-static public final method in class X can be overridden in any subclass of X.',0),('2c9a8ef432f26ced0132f2786fbb008e','2c9a8ef432f26ced0132f2786fba0089','A public static method in class X can be called by a subclass of X without explicitly referencing the class X.',1),('2c9a8ef432f26ced0132f2786fbb008f','2c9a8ef432f26ced0132f2786fba0089','A method with the same signature as a private final method in class X can be implemented in a subclass of X.',1),('2c9a8ef432f26ced0132f2786fbb0092','2c9a8ef432f26ced0132f2786fbb0091','Value is: 8',1),('2c9a8ef432f26ced0132f2786fbb0093','2c9a8ef432f26ced0132f2786fbb0091','Compilation fails.',0),('2c9a8ef432f26ced0132f2786fbb0094','2c9a8ef432f26ced0132f2786fbb0091','Value is: 12',0),('2c9a8ef432f26ced0132f2786fbb0095','2c9a8ef432f26ced0132f2786fbb0091','Value is: -12',0),('2c9a8ef432f26ced0132f2786fbb0096','2c9a8ef432f26ced0132f2786fbb0091','The code runs with no output',0),('2c9a8ef432f26ced0132f2786fbb0097','2c9a8ef432f26ced0132f2786fbb0091','An exception is thrown at runtime.',0),('2c9a8ef432f26ced0132f2786fbb009a','2c9a8ef432f26ced0132f2786fbb0099','The class is fully encapsulated',0),('2c9a8ef432f26ced0132f2786fbc009b','2c9a8ef432f26ced0132f2786fbb0099','The code demonstrates polymorphism.',0),('2c9a8ef432f26ced0132f2786fbc009c','2c9a8ef432f26ced0132f2786fbb0099','The ownerName variable breaks encapsulation',1),('2c9a8ef432f26ced0132f2786fbc009d','2c9a8ef432f26ced0132f2786fbb0099','The cardID and limit variables break polymorphism',0),('2c9a8ef432f26ced0132f2786fbc009e','2c9a8ef432f26ced0132f2786fbb0099','The setCardInformation method breaks encapsulation',0),('2c9a8ef432f26ced0132f2786fbc00a1','2c9a8ef432f26ced0132f2786fbc00a0','peep',0),('2c9a8ef432f26ced0132f2786fbc00a2','2c9a8ef432f26ced0132f2786fbc00a0','bark',0),('2c9a8ef432f26ced0132f2786fbc00a3','2c9a8ef432f26ced0132f2786fbc00a0','move',0),('2c9a8ef432f26ced0132f2786fbc00a4','2c9a8ef432f26ced0132f2786fbc00a0','Compilation fails.',0),('2c9a8ef432f26ced0132f2786fbc00a5','2c9a8ef432f26ced0132f2786fbc00a0','An exception is thrown at runtime',1),('2c9a8ef432f26ced0132f2786fbc00a8','2c9a8ef432f26ced0132f2786fbc00a7','insert a call to this() in the Car constructor',0),('2c9a8ef432f26ced0132f2786fbc00a9','2c9a8ef432f26ced0132f2786fbc00a7','insert a call to this() in the MeGo constructor',0),('2c9a8ef432f26ced0132f2786fbc00aa','2c9a8ef432f26ced0132f2786fbc00a7','insert a call to super() in the MeGo constructor',0),('2c9a8ef432f26ced0132f2786fbc00ab','2c9a8ef432f26ced0132f2786fbc00a7','insert a call to super(vin) in the MeGo constructor',1),('2c9a8ef432f26ced0132f2786fbd00ac','2c9a8ef432f26ced0132f2786fbc00a7','change the wheelCount variable in Car to protected',1),('2c9a8ef432f26ced0132f2786fbd00ad','2c9a8ef432f26ced0132f2786fbc00a7','change line 3 in the MeGo class to super.wheelCount = 3;',0),('2c9a8ef432f26ced0132f2786fbd00b0','2c9a8ef432f26ced0132f2786fbd00af','public void add(C c) { c.getValue(); }',0),('2c9a8ef432f26ced0132f2786fbd00b1','2c9a8ef432f26ced0132f2786fbd00af','public void add(B b) { b.getValue(); }',1),('2c9a8ef432f26ced0132f2786fbd00b2','2c9a8ef432f26ced0132f2786fbd00af','public void add(A a) { a.getValue(); }',1),('2c9a8ef432f26ced0132f2786fbd00b3','2c9a8ef432f26ced0132f2786fbd00af','public void add(A a, B b) { a.getValue(); }',1),('2c9a8ef432f26ced0132f2786fbd00b4','2c9a8ef432f26ced0132f2786fbd00af','public void add(C c1, C c2) { c1.getValue(); }',0),('2c9a8ef432f26ced0132f2786fbd00b7','2c9a8ef432f26ced0132f2786fbd00b6','System.gc()',1),('2c9a8ef432f26ced0132f2786fbd00b8','2c9a8ef432f26ced0132f2786fbd00b6','Runtime.gc()',0),('2c9a8ef432f26ced0132f2786fbd00b9','2c9a8ef432f26ced0132f2786fbd00b6','System.freeMemory()',0),('2c9a8ef432f26ced0132f2786fbd00ba','2c9a8ef432f26ced0132f2786fbd00b6','Runtime.getRuntime().growHeap()',0),('2c9a8ef432f26ced0132f2786fbd00bb','2c9a8ef432f26ced0132f2786fbd00b6','Runtime.getRuntime().freeMemory()',0),('2c9a8ef432f26ced0132f27ada5c00be','2c9a8ef432f26ced0132f27ada5c00bd','<span style=\'font-family: Arial;font-size: 9pt;font-weight: normal;\'>《中国人民共和国商标法》</span>',0),('2c9a8ef432f26ced0132f27ada5c00bf','2c9a8ef432f26ced0132f27ada5c00bd','<span style=\'font-family: Arial;font-size: 9pt;font-weight: normal;\'>《中国人民共和国著作权法》</span>',0),('2c9a8ef432f26ced0132f27ada5c00c0','2c9a8ef432f26ced0132f27ada5c00bd','<span style=\'font-family: Arial;font-size: 9pt;font-weight: normal;\'>《中国人民共和国原创权法》</span>',1),('2c9a8ef432f26ced0132f27ada5c00c1','2c9a8ef432f26ced0132f27ada5c00bd','<span style=\'font-family: Arial;font-size: 9pt;font-weight: normal;\'>《中国人民共和国海关关于知识产权保护的实施办法》</span>',0),('2c9a8ef432f26ced0132f27ada5d00c4','2c9a8ef432f26ced0132f27ada5d00c3','<span style=\'font-family: Arial;font-size: 9pt;font-weight: normal;\'>为了鼓励软件开发和交流</span>',0),('2c9a8ef432f26ced0132f27ada5d00c5','2c9a8ef432f26ced0132f27ada5d00c3','<span style=\'font-family: Arial;font-size: 9pt;font-weight: normal;\'>促进计算机应用的健康发展</span>',0),('2c9a8ef432f26ced0132f27ada5d00c6','2c9a8ef432f26ced0132f27ada5d00c3','<span style=\'font-family: Arial;font-size: 9pt;font-weight: normal;\'>引起人们和社会的重视</span>',0),('2c9a8ef432f26ced0132f27ada5d00c7','2c9a8ef432f26ced0132f27ada5d00c3','<span style=\'font-family: Arial;font-size: 9pt;font-weight: normal;\'>以上皆是</span>',1),('2c9a8ef432f26ced0132f27ada5d00ca','2c9a8ef432f26ced0132f27ada5d00c9','<span style=\'font-family: Arial;font-size: 9pt;font-weight: normal;\'>正版软件一般不会受病毒的侵害</span>',0),('2c9a8ef432f26ced0132f27ada5d00cb','2c9a8ef432f26ced0132f27ada5d00c9','<span style=\'font-family: Arial;font-size: 9pt;font-weight: normal;\'>得到厂商的支持，只需打个电话，就可以获得帮助，并且享受升级和更新</span>',0),('2c9a8ef432f26ced0132f27ada5d00cc','2c9a8ef432f26ced0132f27ada5d00c9','<span style=\'font-family: Arial;font-size: 9pt;font-weight: normal;\'>免受法律诉讼之扰</span>',0),('2c9a8ef432f26ced0132f27ada5d00cd','2c9a8ef432f26ced0132f27ada5d00c9','<span style=\'font-family: Arial;font-size: 9pt;font-weight: normal;\'>以上皆是</span>',1),('2c9a8ef432f26ced0132f27ada5d00d0','2c9a8ef432f26ced0132f27ada5d00cf','<span style=\'font-family: Arial;font-size: 9pt;font-weight: normal;\'>复制不属于许可协议允许范围之内的软件</span>',0),('2c9a8ef432f26ced0132f27ada5d00d1','2c9a8ef432f26ced0132f27ada5d00cf','<span style=\'font-family: Arial;font-size: 9pt;font-weight: normal;\'>对软件或文档进行租赁、二级授权或出借</span>',0),('2c9a8ef432f26ced0132f27ada5d00d2','2c9a8ef432f26ced0132f27ada5d00cf','<span style=\'font-family: Arial;font-size: 9pt;font-weight: normal;\'>在没有许可证的情况下从服务器进行下载</span>',0),('2c9a8ef432f26ced0132f27ada5e00d3','2c9a8ef432f26ced0132f27ada5d00cf','<span style=\'font-family: Arial;font-size: 9pt;font-weight: normal;\'>以上皆是</span>',1),('2c9a8ef432f26ced0132f27ada5e00d6','2c9a8ef432f26ced0132f27ada5e00d5','<span style=\'font-family: Arial;font-size: 9pt;font-weight: normal;\'>个人生活安宁不受侵扰</span>',0),('2c9a8ef432f26ced0132f27ada5e00d7','2c9a8ef432f26ced0132f27ada5e00d5','<span style=\'font-family: Arial;font-size: 9pt;font-weight: normal;\'>私人信息保密不被公开</span>',0),('2c9a8ef432f26ced0132f27ada5e00d8','2c9a8ef432f26ced0132f27ada5e00d5','<span style=\'font-family: Arial;font-size: 9pt;font-weight: normal;\'>个人私事决定自由不受阻碍</span>',0),('2c9a8ef432f26ced0132f27ada5e00d9','2c9a8ef432f26ced0132f27ada5e00d5','<span style=\'font-family: Arial;font-size: 9pt;font-weight: normal;\'>以上皆是</span>',1),('2c9a8ef432f26ced0132f27ada5e00dc','2c9a8ef432f26ced0132f27ada5e00db','<span style=\'font-family: Arial;font-size: 9pt;font-weight: normal;\'>网络隐私有不被他人了解的权利</span>',0),('2c9a8ef432f26ced0132f27ada5e00dd','2c9a8ef432f26ced0132f27ada5e00db','<span style=\'font-family: Arial;font-size: 9pt;font-weight: normal;\'>自己的信息由自己控制</span>',0),('2c9a8ef432f26ced0132f27ada5e00de','2c9a8ef432f26ced0132f27ada5e00db','<span style=\'font-family: Arial;font-size: 9pt;font-weight: normal;\'>个人数据如有错误，拥有修改的权利</span>',0),('2c9a8ef432f26ced0132f27ada5e00df','2c9a8ef432f26ced0132f27ada5e00db','<span style=\'font-family: Arial;font-size: 9pt;font-weight: normal;\'>以上皆是</span>',1),('2c9a8ef432f26ced0132f27ada5e00e2','2c9a8ef432f26ced0132f27ada5e00e1','<span style=\'font-family: Arial;font-size: 9pt;font-weight: normal;\'>隐私权是一种基本人格权</span>',0),('2c9a8ef432f26ced0132f27ada5e00e3','2c9a8ef432f26ced0132f27ada5e00e1','<span style=\'font-family: Arial;font-size: 9pt;font-weight: normal;\'>隐私权的主体是自然人</span>',0),('2c9a8ef432f26ced0132f27ada5f00e4','2c9a8ef432f26ced0132f27ada5e00e1','<span style=\'font-family: Arial;font-size: 9pt;font-weight: normal;\'>隐私权内容具有真实性和隐秘性</span>',0),('2c9a8ef432f26ced0132f27ada5f00e5','2c9a8ef432f26ced0132f27ada5e00e1','<span style=\'font-family: Arial;font-size: 9pt;font-weight: normal;\'>以上皆是</span>',1),('2c9a8ef432f26ced0132f27ada5f00e8','2c9a8ef432f26ced0132f27ada5f00e7','<span style=\'font-family: Arial;font-size: 9pt;font-weight: normal;\'>用户的通信自由和通信秘密受法律保护</span>',0),('2c9a8ef432f26ced0132f27ada5f00e9','2c9a8ef432f26ced0132f27ada5f00e7','<span style=\'font-family: Arial;font-size: 9pt;font-weight: normal;\'>任何单位和个人不得违反法律规定，利用国际联网侵犯用户的通信自由和通信秘密</span>',0),('2c9a8ef432f26ced0132f27ada5f00ea','2c9a8ef432f26ced0132f27ada5f00e7','<span style=\'font-family: Arial;font-size: 9pt;font-weight: normal;\'>不得擅自进入未经许可的计算机系统，篡改他人信息，冒用他人名义发出信息，侵犯他人隐私</span>',0),('2c9a8ef432f26ced0132f27ada5f00eb','2c9a8ef432f26ced0132f27ada5f00e7','<span style=\'font-family: Arial;font-size: 9pt;font-weight: normal;\'>以上皆是</span>',1),('2c9a8ef432f26ced0132f27ada5f00ee','2c9a8ef432f26ced0132f27ada5f00ed','<span style=\'font-family: Arial;font-size: 9pt;font-weight: normal;\'>在网络通信过程中，个人的通信极有可能被雇主、ISP公司和黑客截取，以致造成个人隐私权被侵害</span>',0),('2c9a8ef432f26ced0132f27ada5f00ef','2c9a8ef432f26ced0132f27ada5f00ed','<span style=\'font-family: Arial;font-size: 9pt;font-weight: normal;\'>未经他人同意搜集和使用他人电子邮件，甚至将收集到的电子邮件转买给他人的行为</span>',0),('2c9a8ef432f26ced0132f27ada5f00f0','2c9a8ef432f26ced0132f27ada5f00ed','<span style=\'font-family: Arial;font-size: 9pt;font-weight: normal;\'>网站在提供服务的同时侵害个人的隐私权</span>',0),('2c9a8ef432f26ced0132f27ada5f00f1','2c9a8ef432f26ced0132f27ada5f00ed','<span style=\'font-family: Arial;font-size: 9pt;font-weight: normal;\'>以上皆是</span>',1),('2c9a8ef432f26ced0132f27ada6000f4','2c9a8ef432f26ced0132f27ada6000f3','<span style=\'font-family: Arial;font-size: 9pt;font-weight: normal;\'>设备供应商的侵权行为</span>',0),('2c9a8ef432f26ced0132f27ada6000f5','2c9a8ef432f26ced0132f27ada6000f3','<span style=\'font-family: Arial;font-size: 9pt;font-weight: normal;\'>电子邮件、网络中的个人隐私行为</span>',0),('2c9a8ef432f26ced0132f27ada6000f6','2c9a8ef432f26ced0132f27ada6000f3','<span style=\'font-family: Arial;font-size: 9pt;font-weight: normal;\'>网上有害信息，会给网络用户的家庭成员尤其是未成年人带来负面影响，同时也构成对家庭安宁生活的破坏</span>',0),('2c9a8ef432f26ced0132f27ada6000f7','2c9a8ef432f26ced0132f27ada6000f3','<span style=\'font-family: Arial;font-size: 9pt;font-weight: normal;\'>以上皆是</span>',1),('2c9a8ef432f26ced0132f27ada6000fa','2c9a8ef432f26ced0132f27ada6000f9','<span style=\'font-family: Arial;font-size: 9pt;font-weight: normal;\'>网络用户在申请上网开户时，服务商泄露这些合法获得的用户个人隐私</span>',0),('2c9a8ef432f26ced0132f27ada6000fb','2c9a8ef432f26ced0132f27ada6000f9','<span style=\'font-family: Arial;font-size: 9pt;font-weight: normal;\'>个人在网上的活动踪迹，如IP地址、浏览踪迹，这些信息公诸于众，或提供给他人使用</span>',0),('2c9a8ef432f26ced0132f27ada6000fc','2c9a8ef432f26ced0132f27ada6000f9','<span style=\'font-family: Arial;font-size: 9pt;font-weight: normal;\'>个人的信用和财产状况被服务商泄露</span>',0),('2c9a8ef432f26ced0132f27ada6000fd','2c9a8ef432f26ced0132f27ada6000f9','<span style=\'font-family: Arial;font-size: 9pt;font-weight: normal;\'>个人电脑内部资料在网络上正常共享</span>',1),('2c9a8ef432f26ced0132f27ada600100','2c9a8ef432f26ced0132f27ada6000ff','<span style=\'font-family: Arial;font-size: 9pt;font-weight: normal;\'>选择立法、技术与行业自律的综合模式</span>',0),('2c9a8ef432f26ced0132f27ada610101','2c9a8ef432f26ced0132f27ada6000ff','<span style=\'font-family: Arial;font-size: 9pt;font-weight: normal;\'>采取二元制立法模式</span>',0),('2c9a8ef432f26ced0132f27ada610102','2c9a8ef432f26ced0132f27ada6000ff','<span style=\'font-family: Arial;font-size: 9pt;font-weight: normal;\'>保护网络隐私权的实体法与程序法并重</span>',0),('2c9a8ef432f26ced0132f27ada610103','2c9a8ef432f26ced0132f27ada6000ff','<span style=\'font-family: Arial;font-size: 9pt;font-weight: normal;\'>以上皆是</span>',1),('2c9a8ef432f26ced0132f27ada610106','2c9a8ef432f26ced0132f27ada610105','<span style=\'font-family: Arial;font-size: 9pt;font-weight: normal;\'>隐私被窥视、侵入主要体现在用户的个人信箱、网上账户、信用记录的不安全保密</span>',0),('2c9a8ef432f26ced0132f27ada610107','2c9a8ef432f26ced0132f27ada610105','<span style=\'font-family: Arial;font-size: 9pt;font-weight: normal;\'>隐私被干扰主要体现在用户使用信箱、交流信息及从事交易活动的不安全保密</span>',0),('2c9a8ef432f26ced0132f27ada610108','2c9a8ef432f26ced0132f27ada610105','<span style=\'font-family: Arial;font-size: 9pt;font-weight: normal;\'>被非法收集利用主要体现在用户的个人特质、个人资料等在非经许可的状态下被利用</span>',0),('2c9a8ef432f26ced0132f27ada610109','2c9a8ef432f26ced0132f27ada610105','<span style=\'font-family: Arial;font-size: 9pt;font-weight: normal;\'>以上皆是</span>',1),('2c9a8ef432f26ced0132f27ada61010c','2c9a8ef432f26ced0132f27ada61010b','<span style=\'font-family: Arial;font-size: 9pt;font-weight: normal;\'>电子公告服务提供者应当对上网用户的个人信息保密，未经上网用户同意，不得向他人泄露</span>',0),('2c9a8ef432f26ced0132f27ada61010d','2c9a8ef432f26ced0132f27ada61010b','<span style=\'font-family: Arial;font-size: 9pt;font-weight: normal;\'>使用和公开个人资料，应坚持限制利用、合法公开的准则</span>',0),('2c9a8ef432f26ced0132f27ada61010e','2c9a8ef432f26ced0132f27ada61010b','<span style=\'font-family: Arial;font-size: 9pt;font-weight: normal;\'>非政府机构向第三人公开个人资料的，应通知本人，本人可查阅更正</span>',0),('2c9a8ef432f26ced0132f27ada61010f','2c9a8ef432f26ced0132f27ada61010b','<span style=\'font-family: Arial;font-size: 9pt;font-weight: normal;\'>以上皆是</span>',1),('2c9a8ef432f26ced0132f27ada620112','2c9a8ef432f26ced0132f27ada620111','<span style=\'font-family: Arial;font-size: 9pt;font-weight: normal;\'>道德犯罪</span>',0),('2c9a8ef432f26ced0132f27ada620113','2c9a8ef432f26ced0132f27ada620111','<span style=\'font-family: Arial;font-size: 9pt;font-weight: normal;\'>社会犯罪</span>',0),('2c9a8ef432f26ced0132f27ada620114','2c9a8ef432f26ced0132f27ada620111','<span style=\'font-family: Arial;font-size: 9pt;font-weight: normal;\'>计算机犯罪</span>',1),('2c9a8ef432f26ced0132f27ada620115','2c9a8ef432f26ced0132f27ada620111','<span style=\'font-family: Arial;font-size: 9pt;font-weight: normal;\'>网络犯罪</span>',0),('2c9a8ef432f26ced0132f27ada620118','2c9a8ef432f26ced0132f27ada620117','<span style=\'font-family: Arial;font-size: 9pt;font-weight: normal;\'>计算机犯罪是利用计算机进行的犯罪</span>',0),('2c9a8ef432f26ced0132f27ada620119','2c9a8ef432f26ced0132f27ada620117','<span style=\'font-family: Arial;font-size: 9pt;font-weight: normal;\'>计算机犯罪是危害计算机信息的犯罪</span>',0),('2c9a8ef432f26ced0132f27ada62011a','2c9a8ef432f26ced0132f27ada620117','<span style=\'font-family: Arial;font-size: 9pt;font-weight: normal;\'>计算机犯罪是危害人类的犯罪</span>',1),('2c9a8ef432f26ced0132f27ada62011b','2c9a8ef432f26ced0132f27ada620117','<span style=\'font-family: Arial;font-size: 9pt;font-weight: normal;\'>仅仅以计算机作为侵害对象的犯罪，不是纯粹的计算机犯罪</span>',0),('2c9a8ef432f26ced0132f27ada62011e','2c9a8ef432f26ced0132f27ada62011d','<span style=\'font-family: Arial;font-size: 9pt;font-weight: normal;\'>犯罪行为人的社会形象有一定的欺骗性</span>',0),('2c9a8ef432f26ced0132f27ada62011f','2c9a8ef432f26ced0132f27ada62011d','<span style=\'font-family: Arial;font-size: 9pt;font-weight: normal;\'>犯罪行为隐蔽而且风险小，便于实施，难于发现</span>',0),('2c9a8ef432f26ced0132f27ada620120','2c9a8ef432f26ced0132f27ada62011d','<span style=\'font-family: Arial;font-size: 9pt;font-weight: normal;\'>社会危害性很小</span>',1),('2c9a8ef432f26ced0132f27ada630121','2c9a8ef432f26ced0132f27ada62011d','<span style=\'font-family: Arial;font-size: 9pt;font-weight: normal;\'>监控管理和惩治等法律手段滞后</span>',0),('2c9a8ef432f26ced0132f27ada630124','2c9a8ef432f26ced0132f27ada630123','<span style=\'font-family: Arial;font-size: 9pt;font-weight: normal;\'>具有社会危害性</span>',0),('2c9a8ef432f26ced0132f27ada640125','2c9a8ef432f26ced0132f27ada630123','<span style=\'font-family: Arial;font-size: 9pt;font-weight: normal;\'>具有非法性</span>',0),('2c9a8ef432f26ced0132f27ada650126','2c9a8ef432f26ced0132f27ada630123','<span style=\'font-family: Arial;font-size: 9pt;font-weight: normal;\'>具有广泛性</span>',0),('2c9a8ef432f26ced0132f27ada650127','2c9a8ef432f26ced0132f27ada630123','<span style=\'font-family: Arial;font-size: 9pt;font-weight: normal;\'>具有不明确性</span>',1),('2c9a8ef432f26ced0132f27ada65012a','2c9a8ef432f26ced0132f27ada650129','<span style=\'font-family: Arial;font-size: 9pt;font-weight: normal;\'>包括针对计算机的犯罪，即把电子数据处理设备作为作案对象的犯罪，如非法侵入和破坏计算机信息系统等</span>',0),('2c9a8ef432f26ced0132f27ada65012b','2c9a8ef432f26ced0132f27ada650129','<span style=\'font-family: Arial;font-size: 9pt;font-weight: normal;\'>包括利用计算机的犯罪，即以电子数据处理设备作为作案工具的犯罪，如利用计算机进行盗窃、贪污等</span>',0),('2c9a8ef432f26ced0132f27ada65012c','2c9a8ef432f26ced0132f27ada650129','<span style=\'font-family: Arial;font-size: 9pt;font-weight: normal;\'>随着我国计算机应用和普及程度的提高，计算机犯罪呈下降态势</span>',1),('2c9a8ef432f26ced0132f27ada65012d','2c9a8ef432f26ced0132f27ada650129','<span style=\'font-family: Arial;font-size: 9pt;font-weight: normal;\'>目前我国已发现的计算机犯罪作案领域，涉及银行、证券、保险、内外贸易、工业企业以及国防、科研等各个部门</span>',0),('2c9a8ef432f26ced0132f27ada660130','2c9a8ef432f26ced0132f27ada66012f','<span style=\'font-family: Arial;font-size: 9pt;font-weight: normal;\'>使用计算机偷窃资产或贪污资金</span>',0),('2c9a8ef432f26ced0132f27ada660131','2c9a8ef432f26ced0132f27ada66012f','<span style=\'font-family: Arial;font-size: 9pt;font-weight: normal;\'>刺探、收集有关经济情报</span>',0),('2c9a8ef432f26ced0132f27ada660132','2c9a8ef432f26ced0132f27ada66012f','<span style=\'font-family: Arial;font-size: 9pt;font-weight: normal;\'>直接或间接地非法使用计算机系统</span>',0),('2c9a8ef432f26ced0132f27ada660133','2c9a8ef432f26ced0132f27ada66012f','<span style=\'font-family: Arial;font-size: 9pt;font-weight: normal;\'>以上皆是</span>',1),('2c9a8ef432f26ced0132f27ada660136','2c9a8ef432f26ced0132f27ada660135','<span style=\'font-family: Arial;font-size: 9pt;font-weight: normal;\'>主体的多样性</span>',0),('2c9a8ef432f26ced0132f27ada660137','2c9a8ef432f26ced0132f27ada660135','<span style=\'font-family: Arial;font-size: 9pt;font-weight: normal;\'>主体的低龄化</span>',0),('2c9a8ef432f26ced0132f27ada660138','2c9a8ef432f26ced0132f27ada660135','<span style=\'font-family: Arial;font-size: 9pt;font-weight: normal;\'>极高的智能性</span>',0),('2c9a8ef432f26ced0132f27ada660139','2c9a8ef432f26ced0132f27ada660135','<span style=\'font-family: Arial;font-size: 9pt;font-weight: normal;\'>极高的开放性</span>',1),('2c9a8ef432f26ced0132f27ada66013c','2c9a8ef432f26ced0132f27ada66013b','<span style=\'font-family: Arial;font-size: 9pt;font-weight: normal;\'>国际化趋势日益严重</span>',0),('2c9a8ef432f26ced0132f27ada66013d','2c9a8ef432f26ced0132f27ada66013b','<span style=\'font-family: Arial;font-size: 9pt;font-weight: normal;\'>巨大的社会危害性</span>',0),('2c9a8ef432f26ced0132f27ada66013e','2c9a8ef432f26ced0132f27ada66013b','<span style=\'font-family: Arial;font-size: 9pt;font-weight: normal;\'>极高的隐蔽性</span>',0),('2c9a8ef432f26ced0132f27ada67013f','2c9a8ef432f26ced0132f27ada66013b','<span style=\'font-family: Arial;font-size: 9pt;font-weight: normal;\'>以上皆是</span>',1),('2c9a8ef432f26ced0132f27ada670142','2c9a8ef432f26ced0132f27ada670141','<span style=\'font-family: Arial;font-size: 9pt;font-weight: normal;\'>加密、防黑客</span>',0),('2c9a8ef432f26ced0132f27ada670143','2c9a8ef432f26ced0132f27ada670141','<span style=\'font-family: Arial;font-size: 9pt;font-weight: normal;\'>防病毒</span>',0),('2c9a8ef432f26ced0132f27ada670144','2c9a8ef432f26ced0132f27ada670141','<span style=\'font-family: Arial;font-size: 9pt;font-weight: normal;\'>法律政策和管理问题</span>',0),('2c9a8ef432f26ced0132f27ada670145','2c9a8ef432f26ced0132f27ada670141','<span style=\'font-family: Arial;font-size: 9pt;font-weight: normal;\'>以上皆是</span>',1),('2c9a8ef432f26ced0132f27ada670148','2c9a8ef432f26ced0132f27ada670147','<span style=\'font-family: Arial;font-size: 9pt;font-weight: normal;\'>政策法规</span>',0),('2c9a8ef432f26ced0132f27ada670149','2c9a8ef432f26ced0132f27ada670147','<span style=\'font-family: Arial;font-size: 9pt;font-weight: normal;\'>组织管理</span>',0),('2c9a8ef432f26ced0132f27ada67014a','2c9a8ef432f26ced0132f27ada670147','<span style=\'font-family: Arial;font-size: 9pt;font-weight: normal;\'>安全技术</span>',0),('2c9a8ef432f26ced0132f27ada67014b','2c9a8ef432f26ced0132f27ada670147','<span style=\'font-family: Arial;font-size: 9pt;font-weight: normal;\'>以上皆是</span>',1),('2c9a8ef432f26ced0132f27ada68014e','2c9a8ef432f26ced0132f27ada68014d','<span style=\'font-family: Arial;font-size: 9pt;font-weight: normal;\'>防侦收（使对手收不到有用的信息）</span>',0),('2c9a8ef432f26ced0132f27ada68014f','2c9a8ef432f26ced0132f27ada68014d','<span style=\'font-family: Arial;font-size: 9pt;font-weight: normal;\'>防辐射（防止有用信息以各种途径辐射出去）</span>',0),('2c9a8ef432f26ced0132f27ada680150','2c9a8ef432f26ced0132f27ada68014d','<span style=\'font-family: Arial;font-size: 9pt;font-weight: normal;\'>信息加密（在密钥的控制下，用加密算法对信息进行加密处理，即使对手得到了加密后的信息也会因没有密钥而无法读懂有用信息）</span>',0),('2c9a8ef432f26ced0132f27ada680151','2c9a8ef432f26ced0132f27ada68014d','<span style=\'font-family: Arial;font-size: 9pt;font-weight: normal;\'>以上皆是</span>',1),('2c9a8ef432f26ced0132f27ada680154','2c9a8ef432f26ced0132f27ada680153','<span style=\'font-family: Arial;font-size: 9pt;font-weight: normal;\'>数据只需在传输时需要保护，在存储时不需保护</span>',1),('2c9a8ef432f26ced0132f27ada680155','2c9a8ef432f26ced0132f27ada680153','<span style=\'font-family: Arial;font-size: 9pt;font-weight: normal;\'>不管数据形式如何，一旦数据进入不安全的通信信道便容易受到攻击</span>',0),('2c9a8ef432f26ced0132f27ada680156','2c9a8ef432f26ced0132f27ada680153','<span style=\'font-family: Arial;font-size: 9pt;font-weight: normal;\'>数据加密同时使用加密算法和加密密钥来呈现数据</span>',0),('2c9a8ef432f26ced0132f27ada680157','2c9a8ef432f26ced0132f27ada680153','<span style=\'font-family: Arial;font-size: 9pt;font-weight: normal;\'>加密密钥是算法中使用的附加变量</span>',0),('2c9a8ef432f26ced0132f27ada68015a','2c9a8ef432f26ced0132f27ada680159','<span style=\'font-family: Arial;font-size: 9pt;font-weight: normal;\'>数字可用性</span>',0),('2c9a8ef432f26ced0132f27ada68015b','2c9a8ef432f26ced0132f27ada680159','<span style=\'font-family: Arial;font-size: 9pt;font-weight: normal;\'>数字可靠性</span>',0),('2c9a8ef432f26ced0132f27ada68015c','2c9a8ef432f26ced0132f27ada680159','<span style=\'font-family: Arial;font-size: 9pt;font-weight: normal;\'>数据可用性</span>',1),('2c9a8ef432f26ced0132f27ada68015d','2c9a8ef432f26ced0132f27ada680159','<span style=\'font-family: Arial;font-size: 9pt;font-weight: normal;\'>数据可靠性</span>',0),('2c9a8ef432f26ced0132f27ada690160','2c9a8ef432f26ced0132f27ada69015f','<span style=\'font-family: Arial;font-size: 9pt;font-weight: normal;\'>网上的蓄意破坏，如在未经他人许可的情况下篡改他人网页</span>',0),('2c9a8ef432f26ced0132f27ada690161','2c9a8ef432f26ced0132f27ada69015f','<span style=\'font-family: Arial;font-size: 9pt;font-weight: normal;\'>侵犯隐私或机密资料</span>',0),('2c9a8ef432f26ced0132f27ada690162','2c9a8ef432f26ced0132f27ada69015f','<span style=\'font-family: Arial;font-size: 9pt;font-weight: normal;\'>拒绝服务，组织或机构因为有意或无意的外界因素或疏漏，导致无法完成应有的网络服务项目</span>',0),('2c9a8ef432f26ced0132f27ada690163','2c9a8ef432f26ced0132f27ada69015f','<span style=\'font-family: Arial;font-size: 9pt;font-weight: normal;\'>在共享打印机上打印文件</span>',1),('2c9a8ef432f26ced0132f27ada690166','2c9a8ef432f26ced0132f27ada690165','<span style=\'font-family: Arial;font-size: 9pt;font-weight: normal;\'>机密性</span>',0),('2c9a8ef432f26ced0132f27ada690167','2c9a8ef432f26ced0132f27ada690165','<span style=\'font-family: Arial;font-size: 9pt;font-weight: normal;\'>完整性</span>',0),('2c9a8ef432f26ced0132f27ada690168','2c9a8ef432f26ced0132f27ada690165','<span style=\'font-family: Arial;font-size: 9pt;font-weight: normal;\'>可用性</span>',0),('2c9a8ef432f26ced0132f27ada690169','2c9a8ef432f26ced0132f27ada690165','<span style=\'font-family: Arial;font-size: 9pt;font-weight: normal;\'>通用性</span>',1),('2c9a8ef432f26ced0132f27ada6b016c','2c9a8ef432f26ced0132f27ada69016b','<span style=\'font-family: Arial;font-size: 9pt;font-weight: normal;\'>通过所有通信渠道传输时均要求加密</span>',0),('2c9a8ef432f26ced0132f27ada6b016d','2c9a8ef432f26ced0132f27ada69016b','<span style=\'font-family: Arial;font-size: 9pt;font-weight: normal;\'>在用户手提电脑和工作站中的限制级数据必须保持加密</span>',0),('2c9a8ef432f26ced0132f27ada6c016e','2c9a8ef432f26ced0132f27ada69016b','<span style=\'font-family: Arial;font-size: 9pt;font-weight: normal;\'>能在指定人员必须了解的情况下才能对其透漏</span>',0),('2c9a8ef432f26ced0132f27ada6c016f','2c9a8ef432f26ced0132f27ada69016b','<span style=\'font-family: Arial;font-size: 9pt;font-weight: normal;\'>把文件存到指定文件夹中</span>',1),('2c9a8ef432f26ced0132f27ada6c0172','2c9a8ef432f26ced0132f27ada6c0171','<span style=\'font-family: Arial;font-size: 9pt;font-weight: normal;\'>网络安全处理过程是一个周而复始的连续过程</span>',0),('2c9a8ef432f26ced0132f27ada6c0173','2c9a8ef432f26ced0132f27ada6c0171','<span style=\'font-family: Arial;font-size: 9pt;font-weight: normal;\'>网络安全处理过程始于计划阶段</span>',1),('2c9a8ef432f26ced0132f27ada6c0174','2c9a8ef432f26ced0132f27ada6c0171','<span style=\'font-family: Arial;font-size: 9pt;font-weight: normal;\'>在评估基础上要确定策略及其过程</span>',0),('2c9a8ef432f26ced0132f27ada6c0175','2c9a8ef432f26ced0132f27ada6c0171','<span style=\'font-family: Arial;font-size: 9pt;font-weight: normal;\'>策略制定阶段要确定该组织期望的安全状态以及实施期间要做的工作</span>',0),('2c9a8ef432f26ced0132f27ada6c0178','2c9a8ef432f26ced0132f27ada6c0177','<span style=\'font-family: Arial;font-size: 9pt;font-weight: normal;\'>一种侵犯计算机的细菌</span>',0),('2c9a8ef432f26ced0132f27ada6d0179','2c9a8ef432f26ced0132f27ada6c0177','<span style=\'font-family: Arial;font-size: 9pt;font-weight: normal;\'>一种坏的磁盘区域</span>',0),('2c9a8ef432f26ced0132f27ada6d017a','2c9a8ef432f26ced0132f27ada6c0177','<span style=\'font-family: Arial;font-size: 9pt;font-weight: normal;\'>一种特殊程序</span>',1),('2c9a8ef432f26ced0132f27ada6d017b','2c9a8ef432f26ced0132f27ada6c0177','<span style=\'font-family: Arial;font-size: 9pt;font-weight: normal;\'>一种特殊的计算机</span>',0),('2c9a8ef432f26ced0132f27ada6d017e','2c9a8ef432f26ced0132f27ada6d017d','<span style=\'font-family: Arial;font-size: 9pt;font-weight: normal;\'>数据格式化</span>',0),('2c9a8ef432f26ced0132f27ada6d017f','2c9a8ef432f26ced0132f27ada6d017d','<span style=\'font-family: Arial;font-size: 9pt;font-weight: normal;\'>数据加工</span>',0),('2c9a8ef432f26ced0132f27ada6d0180','2c9a8ef432f26ced0132f27ada6d017d','<span style=\'font-family: Arial;font-size: 9pt;font-weight: normal;\'>数据加密</span>',1),('2c9a8ef432f26ced0132f27ada6d0181','2c9a8ef432f26ced0132f27ada6d017d','<span style=\'font-family: Arial;font-size: 9pt;font-weight: normal;\'>数据解密</span>',0),('2c9a8ef432f26ced0132f27ada6e0184','2c9a8ef432f26ced0132f27ada6e0183','<span style=\'font-family: Arial;font-size: 9pt;font-weight: normal;\'>传染性</span>',0),('2c9a8ef432f26ced0132f27ada6e0185','2c9a8ef432f26ced0132f27ada6e0183','<span style=\'font-family: Arial;font-size: 9pt;font-weight: normal;\'>免疫性</span>',1),('2c9a8ef432f26ced0132f27ada6e0186','2c9a8ef432f26ced0132f27ada6e0183','<span style=\'font-family: Arial;font-size: 9pt;font-weight: normal;\'>潜伏性</span>',0),('2c9a8ef432f26ced0132f27ada6e0187','2c9a8ef432f26ced0132f27ada6e0183','<span style=\'font-family: Arial;font-size: 9pt;font-weight: normal;\'>破坏性</span>',0),('2c9a8ef432f26ced0132f27ada6e018a','2c9a8ef432f26ced0132f27ada6e0189','<span style=\'font-family: Arial;font-size: 9pt;font-weight: normal;\'>计算机病毒是一个程序或一段可执行代码</span>',0),('2c9a8ef432f26ced0132f27ada6e018b','2c9a8ef432f26ced0132f27ada6e0189','<span style=\'font-family: Arial;font-size: 9pt;font-weight: normal;\'>计算机病毒具有可执行性、破坏性等特点</span>',0),('2c9a8ef432f26ced0132f27ada6e018c','2c9a8ef432f26ced0132f27ada6e0189','<span style=\'font-family: Arial;font-size: 9pt;font-weight: normal;\'>计算机病毒可按其破坏后果分为良性病毒和恶性病毒</span>',0),('2c9a8ef432f26ced0132f27ada6e018d','2c9a8ef432f26ced0132f27ada6e0189','<span style=\'font-family: Arial;font-size: 9pt;font-weight: normal;\'>计算机病毒只攻击可执行文件</span>',1),('2c9a8ef432f26ced0132f27ada6f0190','2c9a8ef432f26ced0132f27ada6f018f','<span style=\'font-family: Arial;font-size: 9pt;font-weight: normal;\'>信息的传输安全</span>',1),('2c9a8ef432f26ced0132f27ada6f0191','2c9a8ef432f26ced0132f27ada6f018f','<span style=\'font-family: Arial;font-size: 9pt;font-weight: normal;\'>物理安全</span>',0),('2c9a8ef432f26ced0132f27ada6f0192','2c9a8ef432f26ced0132f27ada6f018f','<span style=\'font-family: Arial;font-size: 9pt;font-weight: normal;\'>病毒的防护</span>',0),('2c9a8ef432f26ced0132f27ada6f0193','2c9a8ef432f26ced0132f27ada6f018f','<span style=\'font-family: Arial;font-size: 9pt;font-weight: normal;\'>计算机安全操作</span>',0),('2c9a8ef432f26ced0132f27ada6f0196','2c9a8ef432f26ced0132f27ada6f0195','<span style=\'font-family: Arial;font-size: 9pt;font-weight: normal;\'>路由器</span>',0),('2c9a8ef432f26ced0132f27ada6f0197','2c9a8ef432f26ced0132f27ada6f0195','<span style=\'font-family: Arial;font-size: 9pt;font-weight: normal;\'>防火墙</span>',1),('2c9a8ef432f26ced0132f27ada6f0198','2c9a8ef432f26ced0132f27ada6f0195','<span style=\'font-family: Arial;font-size: 9pt;font-weight: normal;\'>交换机</span>',0),('2c9a8ef432f26ced0132f27ada6f0199','2c9a8ef432f26ced0132f27ada6f0195','<span style=\'font-family: Arial;font-size: 9pt;font-weight: normal;\'>网关</span>',0),('2c9a8ef432f26ced0132f27ada6f019c','2c9a8ef432f26ced0132f27ada6f019b','<span style=\'font-family: Arial;font-size: 9pt;font-weight: normal;\'>先备份重要数据</span>',0),('2c9a8ef432f26ced0132f27ada6f019d','2c9a8ef432f26ced0132f27ada6f019b','<span style=\'font-family: Arial;font-size: 9pt;font-weight: normal;\'>先断开网络</span>',0),('2c9a8ef432f26ced0132f27ada6f019e','2c9a8ef432f26ced0132f27ada6f019b','<span style=\'font-family: Arial;font-size: 9pt;font-weight: normal;\'>及时更新杀毒软件</span>',0),('2c9a8ef432f26ced0132f27ada6f019f','2c9a8ef432f26ced0132f27ada6f019b','<span style=\'font-family: Arial;font-size: 9pt;font-weight: normal;\'>以上都对</span>',1),('2c9a8ef432f26ced0132f27ada7001a2','2c9a8ef432f26ced0132f27ada6f01a1','<span style=\'font-family: Arial;font-size: 9pt;font-weight: normal;\'>发现计算机病毒后，删除磁盘文件是能彻底清除病毒的方法</span>',0),('2c9a8ef432f26ced0132f27ada7001a3','2c9a8ef432f26ced0132f27ada6f01a1','<span style=\'font-family: Arial;font-size: 9pt;font-weight: normal;\'>计算机病毒是一种能够给计算机造成一定损害的计算机程序</span>',1),('2c9a8ef432f26ced0132f27ada7001a4','2c9a8ef432f26ced0132f27ada6f01a1','<span style=\'font-family: Arial;font-size: 9pt;font-weight: normal;\'>使用只读型光盘不可能使计算机感染病毒</span>',0),('2c9a8ef432f26ced0132f27ada7001a5','2c9a8ef432f26ced0132f27ada6f01a1','<span style=\'font-family: Arial;font-size: 9pt;font-weight: normal;\'>计算机病毒具有隐蔽性、传染性、再生性等特性</span>',0),('2c9a8ef432f26ced0132f27ada7101a8','2c9a8ef432f26ced0132f27ada7001a7','<span style=\'font-family: Arial;font-size: 9pt;font-weight: normal;\'>机密性</span>',0),('2c9a8ef432f26ced0132f27ada7101a9','2c9a8ef432f26ced0132f27ada7001a7','<span style=\'font-family: Arial;font-size: 9pt;font-weight: normal;\'>完整性</span>',1),('2c9a8ef432f26ced0132f27ada7101aa','2c9a8ef432f26ced0132f27ada7001a7','<span style=\'font-family: Arial;font-size: 9pt;font-weight: normal;\'>可用性</span>',0),('2c9a8ef432f26ced0132f27ada7101ab','2c9a8ef432f26ced0132f27ada7001a7','<span style=\'font-family: Arial;font-size: 9pt;font-weight: normal;\'>可控性</span>',0),('2c9a8ef432f26ced0132f27ada7101ae','2c9a8ef432f26ced0132f27ada7101ad','<span style=\'font-family: Arial;font-size: 9pt;font-weight: normal;\'>存储在软盘中的程序和数据</span>',0),('2c9a8ef432f26ced0132f27ada7101af','2c9a8ef432f26ced0132f27ada7101ad','<span style=\'font-family: Arial;font-size: 9pt;font-weight: normal;\'>存储在硬盘中的程序和数据</span>',0),('2c9a8ef432f26ced0132f27ada7101b0','2c9a8ef432f26ced0132f27ada7101ad','<span style=\'font-family: Arial;font-size: 9pt;font-weight: normal;\'>存储在CD-ROM光盘中的程序和数据</span>',1),('2c9a8ef432f26ced0132f27ada7101b1','2c9a8ef432f26ced0132f27ada7101ad','<span style=\'font-family: Arial;font-size: 9pt;font-weight: normal;\'>存储在BIOS芯片中的程序</span>',0),('2c9a8ef432f26ced0132f27ada7101b4','2c9a8ef432f26ced0132f27ada7101b3','<span style=\'font-family: Arial;font-size: 9pt;font-weight: normal;\'>危害大</span>',0),('2c9a8ef432f26ced0132f27ada7101b5','2c9a8ef432f26ced0132f27ada7101b3','<span style=\'font-family: Arial;font-size: 9pt;font-weight: normal;\'>传播速度快</span>',0),('2c9a8ef432f26ced0132f27ada7101b6','2c9a8ef432f26ced0132f27ada7101b3','<span style=\'font-family: Arial;font-size: 9pt;font-weight: normal;\'>是特殊的计算机部件</span>',1),('2c9a8ef432f26ced0132f27ada7101b7','2c9a8ef432f26ced0132f27ada7101b3','<span style=\'font-family: Arial;font-size: 9pt;font-weight: normal;\'>具有传染性</span>',0),('2c9a8ef432f26ced0132f27ada7101ba','2c9a8ef432f26ced0132f27ada7101b9','<span style=\'font-family: Arial;font-size: 9pt;font-weight: normal;\'>隐蔽性、复合性、安全性</span>',0),('2c9a8ef432f26ced0132f27ada7201bb','2c9a8ef432f26ced0132f27ada7101b9','<span style=\'font-family: Arial;font-size: 9pt;font-weight: normal;\'>传染性、隐蔽性、破坏性</span>',1),('2c9a8ef432f26ced0132f27ada7201bc','2c9a8ef432f26ced0132f27ada7101b9','<span style=\'font-family: Arial;font-size: 9pt;font-weight: normal;\'>隐蔽性、破坏性、易读性</span>',0),('2c9a8ef432f26ced0132f27ada7201bd','2c9a8ef432f26ced0132f27ada7101b9','<span style=\'font-family: Arial;font-size: 9pt;font-weight: normal;\'>传染性、易读性、破坏性</span>',0),('2c9a8ef432f26ced0132f27ada7201c0','2c9a8ef432f26ced0132f27ada7201bf','<span style=\'font-family: Arial;font-size: 9pt;font-weight: normal;\'>开放性</span>',0),('2c9a8ef432f26ced0132f27ada7201c1','2c9a8ef432f26ced0132f27ada7201bf','<span style=\'font-family: Arial;font-size: 9pt;font-weight: normal;\'>安全性</span>',1),('2c9a8ef432f26ced0132f27ada7201c2','2c9a8ef432f26ced0132f27ada7201bf','<span style=\'font-family: Arial;font-size: 9pt;font-weight: normal;\'>多元性</span>',0),('2c9a8ef432f26ced0132f27ada7201c3','2c9a8ef432f26ced0132f27ada7201bf','<span style=\'font-family: Arial;font-size: 9pt;font-weight: normal;\'>自主性</span>',0),('2c9a8ef432f26ced0132f27ada7201c6','2c9a8ef432f26ced0132f27ada7201c5','<span style=\'font-family: Arial;font-size: 9pt;font-weight: normal;\'>机密性服务</span>',0),('2c9a8ef432f26ced0132f27ada7201c7','2c9a8ef432f26ced0132f27ada7201c5','<span style=\'font-family: Arial;font-size: 9pt;font-weight: normal;\'>完整性服务</span>',0),('2c9a8ef432f26ced0132f27ada7201c8','2c9a8ef432f26ced0132f27ada7201c5','<span style=\'font-family: Arial;font-size: 9pt;font-weight: normal;\'>可用性服务</span>',0),('2c9a8ef432f26ced0132f27ada7201c9','2c9a8ef432f26ced0132f27ada7201c5','<span style=\'font-family: Arial;font-size: 9pt;font-weight: normal;\'>可审性服务</span>',1),('2c9a8ef432f26ced0132f27ada7301cc','2c9a8ef432f26ced0132f27ada7201cb','<span style=\'font-family: Arial;font-size: 9pt;font-weight: normal;\'>传染性</span>',1),('2c9a8ef432f26ced0132f27ada7301cd','2c9a8ef432f26ced0132f27ada7201cb','<span style=\'font-family: Arial;font-size: 9pt;font-weight: normal;\'>破坏性</span>',0),('2c9a8ef432f26ced0132f27ada7301ce','2c9a8ef432f26ced0132f27ada7201cb','<span style=\'font-family: Arial;font-size: 9pt;font-weight: normal;\'>欺骗性</span>',0),('2c9a8ef432f26ced0132f27ada7301cf','2c9a8ef432f26ced0132f27ada7201cb','<span style=\'font-family: Arial;font-size: 9pt;font-weight: normal;\'>隐蔽性和潜伏性</span>',0),('2c9a8ef432f26ced0132f27ada7301d2','2c9a8ef432f26ced0132f27ada7301d1','<span style=\'font-family: Arial;font-size: 9pt;font-weight: normal;\'>采用防病毒软件，预防计算机病毒对系统的入侵</span>',1),('2c9a8ef432f26ced0132f27ada7301d3','2c9a8ef432f26ced0132f27ada7301d1','<span style=\'font-family: Arial;font-size: 9pt;font-weight: normal;\'>系统启动盘专用，并设置写保护，防止病毒侵入</span>',0),('2c9a8ef432f26ced0132f27ada7301d4','2c9a8ef432f26ced0132f27ada7301d1','<span style=\'font-family: Arial;font-size: 9pt;font-weight: normal;\'>尽量不使用来历不明的软盘、U盘、移动硬盘及光盘等</span>',0),('2c9a8ef432f26ced0132f27ada7301d5','2c9a8ef432f26ced0132f27ada7301d1','<span style=\'font-family: Arial;font-size: 9pt;font-weight: normal;\'>经常利用各种检测软件定期对硬盘做相应的检查，发现病毒及时处理</span>',0),('2c9a8ef432f26ced0132f27ada7301d8','2c9a8ef432f26ced0132f27ada7301d7','<span style=\'font-family: Arial;font-size: 9pt;font-weight: normal;\'>最终用户盗版</span>',0),('2c9a8ef432f26ced0132f27ada7301d9','2c9a8ef432f26ced0132f27ada7301d7','<span style=\'font-family: Arial;font-size: 9pt;font-weight: normal;\'>盗版软件光盘</span>',0),('2c9a8ef432f26ced0132f27ada7301da','2c9a8ef432f26ced0132f27ada7301d7','<span style=\'font-family: Arial;font-size: 9pt;font-weight: normal;\'>Internet在线软件盗版</span>',0),('2c9a8ef432f26ced0132f27ada7301db','2c9a8ef432f26ced0132f27ada7301d7','<span style=\'font-family: Arial;font-size: 9pt;font-weight: normal;\'>使用试用版的软件</span>',1),('2c9a8ef432f26ced0132f27ada7401de','2c9a8ef432f26ced0132f27ada7401dd','<span style=\'font-family: Arial;font-size: 9pt;font-weight: normal;\'>使用空白新软盘</span>',0),('2c9a8ef432f26ced0132f27ada7401df','2c9a8ef432f26ced0132f27ada7401dd','<span style=\'font-family: Arial;font-size: 9pt;font-weight: normal;\'>使用来历不明的软盘</span>',1),('2c9a8ef432f26ced0132f27ada7401e0','2c9a8ef432f26ced0132f27ada7401dd','<span style=\'font-family: Arial;font-size: 9pt;font-weight: normal;\'>输入了错误的命令</span>',0),('2c9a8ef432f26ced0132f27ada7401e1','2c9a8ef432f26ced0132f27ada7401dd','<span style=\'font-family: Arial;font-size: 9pt;font-weight: normal;\'>格式化硬盘</span>',0),('2c9a8ef432f26ced0132f27ada7401e4','2c9a8ef432f26ced0132f27ada7401e3','<span style=\'font-family: Arial;font-size: 9pt;font-weight: normal;\'>破坏性和潜伏性</span>',0),('2c9a8ef432f26ced0132f27ada7401e5','2c9a8ef432f26ced0132f27ada7401e3','<span style=\'font-family: Arial;font-size: 9pt;font-weight: normal;\'>传染性和隐蔽性</span>',0),('2c9a8ef432f26ced0132f27ada7401e6','2c9a8ef432f26ced0132f27ada7401e3','<span style=\'font-family: Arial;font-size: 9pt;font-weight: normal;\'>寄生性</span>',0),('2c9a8ef432f26ced0132f27ada7401e7','2c9a8ef432f26ced0132f27ada7401e3','<span style=\'font-family: Arial;font-size: 9pt;font-weight: normal;\'>多样性</span>',1),('2c9a8ef432f26ced0132f27ada7401ea','2c9a8ef432f26ced0132f27ada7401e9','<span style=\'font-family: Arial;font-size: 9pt;font-weight: normal;\'>计算机病毒只具有破坏性和传染性，没有其他特征</span>',0),('2c9a8ef432f26ced0132f27ada7401eb','2c9a8ef432f26ced0132f27ada7401e9','<span style=\'font-family: Arial;font-size: 9pt;font-weight: normal;\'>计算机病毒具有隐蔽性和潜伏性</span>',1),('2c9a8ef432f26ced0132f27ada7401ec','2c9a8ef432f26ced0132f27ada7401e9','<span style=\'font-family: Arial;font-size: 9pt;font-weight: normal;\'>计算机病毒具有传染性，但不能衍变</span>',0),('2c9a8ef432f26ced0132f27ada7401ed','2c9a8ef432f26ced0132f27ada7401e9','<span style=\'font-family: Arial;font-size: 9pt;font-weight: normal;\'>计算机病毒都具有寄生性，即所有计算机病毒都不是完整的程序</span>',0),('2c9a8ef432f26ced0132f27ada7501f0','2c9a8ef432f26ced0132f27ada7401ef','<span style=\'font-family: Arial;font-size: 9pt;font-weight: normal;\'>多元性</span>',0),('2c9a8ef432f26ced0132f27ada7501f1','2c9a8ef432f26ced0132f27ada7401ef','<span style=\'font-family: Arial;font-size: 9pt;font-weight: normal;\'>自主性</span>',0),('2c9a8ef432f26ced0132f27ada7501f2','2c9a8ef432f26ced0132f27ada7401ef','<span style=\'font-family: Arial;font-size: 9pt;font-weight: normal;\'>多极性</span>',1),('2c9a8ef432f26ced0132f27ada7501f3','2c9a8ef432f26ced0132f27ada7401ef','<span style=\'font-family: Arial;font-size: 9pt;font-weight: normal;\'>开放性</span>',0),('2c9a8ef432f26ced0132f27ada7501f6','2c9a8ef432f26ced0132f27ada7501f5','<span style=\'font-family: Arial;font-size: 9pt;font-weight: normal;\'>生物病毒的变种</span>',0),('2c9a8ef432f26ced0132f27ada7501f7','2c9a8ef432f26ced0132f27ada7501f5','<span style=\'font-family: Arial;font-size: 9pt;font-weight: normal;\'>一个word文档</span>',0),('2c9a8ef432f26ced0132f27ada7501f8','2c9a8ef432f26ced0132f27ada7501f5','<span style=\'font-family: Arial;font-size: 9pt;font-weight: normal;\'>一段可执行的代码</span>',1),('2c9a8ef432f26ced0132f27ada7601f9','2c9a8ef432f26ced0132f27ada7501f5','<span style=\'font-family: Arial;font-size: 9pt;font-weight: normal;\'>不必理会的小程序</span>',0),('2c9a8ef432f26ced0132f27ada7601fc','2c9a8ef432f26ced0132f27ada7601fb','<span style=\'font-family: Arial;font-size: 9pt;font-weight: normal;\'>知识因子</span>',0),('2c9a8ef432f26ced0132f27ada7601fd','2c9a8ef432f26ced0132f27ada7601fb','<span style=\'font-family: Arial;font-size: 9pt;font-weight: normal;\'>拥有因子</span>',0),('2c9a8ef432f26ced0132f27ada7601fe','2c9a8ef432f26ced0132f27ada7601fb','<span style=\'font-family: Arial;font-size: 9pt;font-weight: normal;\'>生物因子</span>',0),('2c9a8ef432f26ced0132f27ada7601ff','2c9a8ef432f26ced0132f27ada7601fb','<span style=\'font-family: Arial;font-size: 9pt;font-weight: normal;\'>密码学机制</span>',1),('2c9a8ef432f26ced0132f27ada760202','2c9a8ef432f26ced0132f27ada760201','<span style=\'font-family: Arial;font-size: 9pt;font-weight: normal;\'>文件型病毒</span>',1),('2c9a8ef432f26ced0132f27ada770203','2c9a8ef432f26ced0132f27ada760201','<span style=\'font-family: Arial;font-size: 9pt;font-weight: normal;\'>引导型病毒</span>',0),('2c9a8ef432f26ced0132f27ada770204','2c9a8ef432f26ced0132f27ada760201','<span style=\'font-family: Arial;font-size: 9pt;font-weight: normal;\'>脚本病毒</span>',0),('2c9a8ef432f26ced0132f27ada770205','2c9a8ef432f26ced0132f27ada760201','<span style=\'font-family: Arial;font-size: 9pt;font-weight: normal;\'>宏病毒</span>',0),('2c9a8ef432f26ced0132f27ada770208','2c9a8ef432f26ced0132f27ada770207','<span style=\'font-family: Arial;font-size: 9pt;font-weight: normal;\'>数据和运行</span>',0),('2c9a8ef432f26ced0132f27ada770209','2c9a8ef432f26ced0132f27ada770207','<span style=\'font-family: Arial;font-size: 9pt;font-weight: normal;\'>软件和数据</span>',1),('2c9a8ef432f26ced0132f27ada77020a','2c9a8ef432f26ced0132f27ada770207','<span style=\'font-family: Arial;font-size: 9pt;font-weight: normal;\'>软件、数据和操作</span>',0),('2c9a8ef432f26ced0132f27ada77020b','2c9a8ef432f26ced0132f27ada770207','<span style=\'font-family: Arial;font-size: 9pt;font-weight: normal;\'>软件</span>',0),('2c9a8ef432f26ced0132f27ada77020e','2c9a8ef432f26ced0132f27ada77020d','<span style=\'font-family: Arial;font-size: 9pt;font-weight: normal;\'>硬件与软件</span>',0),('2c9a8ef432f26ced0132f27ada77020f','2c9a8ef432f26ced0132f27ada77020d','<span style=\'font-family: Arial;font-size: 9pt;font-weight: normal;\'>硬件</span>',0),('2c9a8ef432f26ced0132f27ada770210','2c9a8ef432f26ced0132f27ada77020d','<span style=\'font-family: Arial;font-size: 9pt;font-weight: normal;\'>软件</span>',1),('2c9a8ef432f26ced0132f27ada770211','2c9a8ef432f26ced0132f27ada77020d','<span style=\'font-family: Arial;font-size: 9pt;font-weight: normal;\'>微生物</span>',0),('2c9a8ef432f26ced0132f27ada770214','2c9a8ef432f26ced0132f27ada770213','<span style=\'font-family: Arial;font-size: 9pt;font-weight: normal;\'>显示器上经常出现一团雪花飘动</span>',0),('2c9a8ef432f26ced0132f27ada770215','2c9a8ef432f26ced0132f27ada770213','<span style=\'font-family: Arial;font-size: 9pt;font-weight: normal;\'>常用的一个程序神秘地消失了</span>',0),('2c9a8ef432f26ced0132f27ada780216','2c9a8ef432f26ced0132f27ada770213','<span style=\'font-family: Arial;font-size: 9pt;font-weight: normal;\'>计算机无缘由地自行重启</span>',0),('2c9a8ef432f26ced0132f27ada780217','2c9a8ef432f26ced0132f27ada770213','<span style=\'font-family: Arial;font-size: 9pt;font-weight: normal;\'>以上都是</span>',1),('2c9a8ef432f26ced0132f27ada78021a','2c9a8ef432f26ced0132f27ada780219','<span style=\'font-family: Arial;font-size: 9pt;font-weight: normal;\'>身份验证</span>',0),('2c9a8ef432f26ced0132f27ada78021b','2c9a8ef432f26ced0132f27ada780219','<span style=\'font-family: Arial;font-size: 9pt;font-weight: normal;\'>跟踪访问者</span>',1),('2c9a8ef432f26ced0132f27ada78021c','2c9a8ef432f26ced0132f27ada780219','<span style=\'font-family: Arial;font-size: 9pt;font-weight: normal;\'>设置访问权限</span>',0),('2c9a8ef432f26ced0132f27ada78021d','2c9a8ef432f26ced0132f27ada780219','<span style=\'font-family: Arial;font-size: 9pt;font-weight: normal;\'>安装防火墙</span>',0),('2c9a8ef432f26ced0132f27ada780220','2c9a8ef432f26ced0132f27ada78021f','<span style=\'font-family: Arial;font-size: 9pt;font-weight: normal;\'>自主性</span>',0),('2c9a8ef432f26ced0132f27ada780221','2c9a8ef432f26ced0132f27ada78021f','<span style=\'font-family: Arial;font-size: 9pt;font-weight: normal;\'>开放性</span>',0),('2c9a8ef432f26ced0132f27ada780222','2c9a8ef432f26ced0132f27ada78021f','<span style=\'font-family: Arial;font-size: 9pt;font-weight: normal;\'>多元性</span>',0),('2c9a8ef432f26ced0132f27ada780223','2c9a8ef432f26ced0132f27ada78021f','<span style=\'font-family: Arial;font-size: 9pt;font-weight: normal;\'>以上都是</span>',1),('2c9a8ef432f26ced0132f27ada780226','2c9a8ef432f26ced0132f27ada780225','<span style=\'font-family: Arial;font-size: 9pt;font-weight: normal;\'>一种能够传染的生物病毒。</span>',0),('2c9a8ef432f26ced0132f27ada780227','2c9a8ef432f26ced0132f27ada780225','<span style=\'font-family: Arial;font-size: 9pt;font-weight: normal;\'>是人编制的一种特殊程序。</span>',1),('2c9a8ef432f26ced0132f27ada780228','2c9a8ef432f26ced0132f27ada780225','<span style=\'font-family: Arial;font-size: 9pt;font-weight: normal;\'>是一个游戏程序。</span>',0),('2c9a8ef432f26ced0132f27ada780229','2c9a8ef432f26ced0132f27ada780225','<span style=\'font-family: Arial;font-size: 9pt;font-weight: normal;\'>计算机病毒没有复制能力，可以根除。</span>',0),('2c9a8ef432f26ced0132f27ada79022c','2c9a8ef432f26ced0132f27ada79022b','<span style=\'font-family: Arial;font-size: 9pt;font-weight: normal;\'>在计算机中安装防病毒软件，定期查杀病毒。</span>',0),('2c9a8ef432f26ced0132f27ada79022d','2c9a8ef432f26ced0132f27ada79022b','<span style=\'font-family: Arial;font-size: 9pt;font-weight: normal;\'>不要使用非法复制和解密的软件。</span>',0),('2c9a8ef432f26ced0132f27ada79022e','2c9a8ef432f26ced0132f27ada79022b','<span style=\'font-family: Arial;font-size: 9pt;font-weight: normal;\'>在网络上的软件也带有病毒，但不进行传播和复制。</span>',1),('2c9a8ef432f26ced0132f27ada79022f','2c9a8ef432f26ced0132f27ada79022b','<span style=\'font-family: Arial;font-size: 9pt;font-weight: normal;\'>采用硬件防范措施，如安装微机防病毒卡。</span>',0),('2c9a8ef432f26ced0132f27ada7a0232','2c9a8ef432f26ced0132f27ada7a0231','<span style=\'font-family: Arial;font-size: 9pt;font-weight: normal;\'>游戏软件常常是计算机病毒的载体</span>',0),('2c9a8ef432f26ced0132f27ada7a0233','2c9a8ef432f26ced0132f27ada7a0231','<span style=\'font-family: Arial;font-size: 9pt;font-weight: normal;\'>用杀毒软件将一片软盘杀毒之后，该软盘就没有病毒了</span>',1),('2c9a8ef432f26ced0132f27ada7a0234','2c9a8ef432f26ced0132f27ada7a0231','<span style=\'font-family: Arial;font-size: 9pt;font-weight: normal;\'>尽量做到专机专用或安装正版软件，是预防计算机病毒的有效措施</span>',0),('2c9a8ef432f26ced0132f27ada7a0235','2c9a8ef432f26ced0132f27ada7a0231','<span style=\'font-family: Arial;font-size: 9pt;font-weight: normal;\'>计算机病毒在某些条件下被激活之后，才开始起干扰和破坏作用</span>',0),('2c9a8ef432f26ced0132f27ada7a0238','2c9a8ef432f26ced0132f27ada7a0237','<span style=\'font-family: Arial;font-size: 9pt;font-weight: normal;\'>网络的容错技术</span>',0),('2c9a8ef432f26ced0132f27ada7a0239','2c9a8ef432f26ced0132f27ada7a0237','<span style=\'font-family: Arial;font-size: 9pt;font-weight: normal;\'>网络的防火墙技术</span>',1),('2c9a8ef432f26ced0132f27ada7a023a','2c9a8ef432f26ced0132f27ada7a0237','<span style=\'font-family: Arial;font-size: 9pt;font-weight: normal;\'>病毒的防治技术</span>',0),('2c9a8ef432f26ced0132f27ada7a023b','2c9a8ef432f26ced0132f27ada7a0237','<span style=\'font-family: Arial;font-size: 9pt;font-weight: normal;\'>网络信息加密技术</span>',0),('2c9a8ef432f26ced0132f27ada7a023e','2c9a8ef432f26ced0132f27ada7a023d','<span style=\'font-family: Arial;font-size: 9pt;font-weight: normal;\'>一段程序</span>',0),('2c9a8ef432f26ced0132f27ada7a023f','2c9a8ef432f26ced0132f27ada7a023d','<span style=\'font-family: Arial;font-size: 9pt;font-weight: normal;\'>能够扩散</span>',0),('2c9a8ef432f26ced0132f27ada7a0240','2c9a8ef432f26ced0132f27ada7a023d','<span style=\'font-family: Arial;font-size: 9pt;font-weight: normal;\'>由计算机系统运行混乱造成</span>',1),('2c9a8ef432f26ced0132f27ada7a0241','2c9a8ef432f26ced0132f27ada7a023d','<span style=\'font-family: Arial;font-size: 9pt;font-weight: normal;\'>可以预防和消除</span>',0),('2c9a8ef432f26ced0132f27ada7b0244','2c9a8ef432f26ced0132f27ada7b0243','<span style=\'font-family: Arial;font-size: 9pt;font-weight: normal;\'>瑞星</span>',0),('2c9a8ef432f26ced0132f27ada7b0245','2c9a8ef432f26ced0132f27ada7b0243','<span style=\'font-family: Arial;font-size: 9pt;font-weight: normal;\'>IE</span>',1),('2c9a8ef432f26ced0132f27ada7b0246','2c9a8ef432f26ced0132f27ada7b0243','<span style=\'font-family: Arial;font-size: 9pt;font-weight: normal;\'>Norton&amp;nbsp;Anti&amp;nbsp;Virus</span>',0),('2c9a8ef432f26ced0132f27ada7b0247','2c9a8ef432f26ced0132f27ada7b0243','<span style=\'font-family: Arial;font-size: 9pt;font-weight: normal;\'>卡巴斯基</span>',0),('2c9a8ef432f26ced0132f27ada7b024a','2c9a8ef432f26ced0132f27ada7b0249','<span style=\'font-family: Arial;font-size: 9pt;font-weight: normal;\'>破坏硬件的机制</span>',0),('2c9a8ef432f26ced0132f27ada7b024b','2c9a8ef432f26ced0132f27ada7b0249','<span style=\'font-family: Arial;font-size: 9pt;font-weight: normal;\'>破坏性的程序</span>',1),('2c9a8ef432f26ced0132f27ada7b024c','2c9a8ef432f26ced0132f27ada7b0249','<span style=\'font-family: Arial;font-size: 9pt;font-weight: normal;\'>微生物“病毒体”</span>',0),('2c9a8ef432f26ced0132f27ada7b024d','2c9a8ef432f26ced0132f27ada7b0249','<span style=\'font-family: Arial;font-size: 9pt;font-weight: normal;\'>带有错误的程序</span>',0),('2c9a8ef432f26ced0132f27ada7b0250','2c9a8ef432f26ced0132f27ada7b024f','<span style=\'font-family: Arial;font-size: 9pt;font-weight: normal;\'>拒绝服务</span>',0),('2c9a8ef432f26ced0132f27ada7c0251','2c9a8ef432f26ced0132f27ada7b024f','<span style=\'font-family: Arial;font-size: 9pt;font-weight: normal;\'>黑客恶意访问</span>',0),('2c9a8ef432f26ced0132f27ada7c0252','2c9a8ef432f26ced0132f27ada7b024f','<span style=\'font-family: Arial;font-size: 9pt;font-weight: normal;\'>计算机病毒</span>',0),('2c9a8ef432f26ced0132f27ada7c0253','2c9a8ef432f26ced0132f27ada7b024f','<span style=\'font-family: Arial;font-size: 9pt;font-weight: normal;\'>散布谣言</span>',1),('2c9a8ef432f26ced0132f27ada7c0256','2c9a8ef432f26ced0132f27ada7c0255','<span style=\'font-family: Arial;font-size: 9pt;font-weight: normal;\'>计算机网络</span>',0),('2c9a8ef432f26ced0132f27ada7c0257','2c9a8ef432f26ced0132f27ada7c0255','<span style=\'font-family: Arial;font-size: 9pt;font-weight: normal;\'>纸质文件</span>',1),('2c9a8ef432f26ced0132f27ada7c0258','2c9a8ef432f26ced0132f27ada7c0255','<span style=\'font-family: Arial;font-size: 9pt;font-weight: normal;\'>磁盘</span>',0),('2c9a8ef432f26ced0132f27ada7c0259','2c9a8ef432f26ced0132f27ada7c0255','<span style=\'font-family: Arial;font-size: 9pt;font-weight: normal;\'>感染病毒的计算机</span>',0),('2c9a8ef432f26ced0132f27ada7c025c','2c9a8ef432f26ced0132f27ada7c025b','<span style=\'font-family: Arial;font-size: 9pt;font-weight: normal;\'>破坏计算机硬件</span>',0),('2c9a8ef432f26ced0132f27ada7c025d','2c9a8ef432f26ced0132f27ada7c025b','<span style=\'font-family: Arial;font-size: 9pt;font-weight: normal;\'>破坏计算机中的数据</span>',0),('2c9a8ef432f26ced0132f27ada7c025e','2c9a8ef432f26ced0132f27ada7c025b','<span style=\'font-family: Arial;font-size: 9pt;font-weight: normal;\'>使用户感染病毒而生病</span>',1),('2c9a8ef432f26ced0132f27ada7c025f','2c9a8ef432f26ced0132f27ada7c025b','<span style=\'font-family: Arial;font-size: 9pt;font-weight: normal;\'>抢占系统资源，影响计算机运行速度</span>',0),('2c9a8ef432f26ced0132f27ada7c0262','2c9a8ef432f26ced0132f27ada7c0261','<span style=\'font-family: Arial;font-size: 9pt;font-weight: normal;\'>适度安全原则</span>',0),('2c9a8ef432f26ced0132f27ada7c0263','2c9a8ef432f26ced0132f27ada7c0261','<span style=\'font-family: Arial;font-size: 9pt;font-weight: normal;\'>授权最小化原则</span>',1),('2c9a8ef432f26ced0132f27ada7c0264','2c9a8ef432f26ced0132f27ada7c0261','<span style=\'font-family: Arial;font-size: 9pt;font-weight: normal;\'>分权原则</span>',0),('2c9a8ef432f26ced0132f27ada7d0265','2c9a8ef432f26ced0132f27ada7c0261','<span style=\'font-family: Arial;font-size: 9pt;font-weight: normal;\'>木桶原则</span>',0),('2c9a8ef432f26ced0132f27ada7d0268','2c9a8ef432f26ced0132f27ada7d0267','<span style=\'font-family: Arial;font-size: 9pt;font-weight: normal;\'>不能控制</span>',1),('2c9a8ef432f26ced0132f27ada7d0269','2c9a8ef432f26ced0132f27ada7d0267','<span style=\'font-family: Arial;font-size: 9pt;font-weight: normal;\'>能控制</span>',0),('2c9a8ef432f26ced0132f27ada7d026a','2c9a8ef432f26ced0132f27ada7d0267','<span style=\'font-family: Arial;font-size: 9pt;font-weight: normal;\'>能过滤</span>',0),('2c9a8ef432f26ced0132f27ada7d026b','2c9a8ef432f26ced0132f27ada7d0267','<span style=\'font-family: Arial;font-size: 9pt;font-weight: normal;\'>能禁止</span>',0),('2c9a8ef432f26ced0132f27ada7d026e','2c9a8ef432f26ced0132f27ada7d026d','<span style=\'font-family: Arial;font-size: 9pt;font-weight: normal;\'>防范恶意的知情者</span>',0),('2c9a8ef432f26ced0132f27ada7d026f','2c9a8ef432f26ced0132f27ada7d026d','<span style=\'font-family: Arial;font-size: 9pt;font-weight: normal;\'>防范通过它的恶意连接</span>',1),('2c9a8ef432f26ced0132f27ada7d0270','2c9a8ef432f26ced0132f27ada7d026d','<span style=\'font-family: Arial;font-size: 9pt;font-weight: normal;\'>防备新的网络安全问题</span>',0),('2c9a8ef432f26ced0132f27ada7d0271','2c9a8ef432f26ced0132f27ada7d026d','<span style=\'font-family: Arial;font-size: 9pt;font-weight: normal;\'>完全防止传送己被病毒感染的软件和文件</span>',0),('2c9a8ef432f26ced0132f27ada7d0274','2c9a8ef432f26ced0132f27ada7d0273','<span style=\'font-family: Arial;font-size: 9pt;font-weight: normal;\'>一条命令</span>',0),('2c9a8ef432f26ced0132f27ada7d0275','2c9a8ef432f26ced0132f27ada7d0273','<span style=\'font-family: Arial;font-size: 9pt;font-weight: normal;\'>一个文件</span>',0),('2c9a8ef432f26ced0132f27ada7e0276','2c9a8ef432f26ced0132f27ada7d0273','<span style=\'font-family: Arial;font-size: 9pt;font-weight: normal;\'>一个标记</span>',0),('2c9a8ef432f26ced0132f27ada7e0277','2c9a8ef432f26ced0132f27ada7d0273','<span style=\'font-family: Arial;font-size: 9pt;font-weight: normal;\'>一段程序代码</span>',1),('2c9a8ef432f26ced0132f27ada7e027a','2c9a8ef432f26ced0132f27ada7e0279','<span style=\'font-family: Arial;font-size: 9pt;font-weight: normal;\'>潜伏性</span>',0),('2c9a8ef432f26ced0132f27ada7e027b','2c9a8ef432f26ced0132f27ada7e0279','<span style=\'font-family: Arial;font-size: 9pt;font-weight: normal;\'>传播性</span>',0),('2c9a8ef432f26ced0132f27ada7e027c','2c9a8ef432f26ced0132f27ada7e0279','<span style=\'font-family: Arial;font-size: 9pt;font-weight: normal;\'>免疫性</span>',1),('2c9a8ef432f26ced0132f27ada7e027d','2c9a8ef432f26ced0132f27ada7e0279','<span style=\'font-family: Arial;font-size: 9pt;font-weight: normal;\'>激发性</span>',0),('2c9a8ef432f26ced0132f27ada7e0280','2c9a8ef432f26ced0132f27ada7e027f','<span style=\'font-family: Arial;font-size: 9pt;font-weight: normal;\'>会有厄运</span>',0),('2c9a8ef432f26ced0132f27ada7e0281','2c9a8ef432f26ced0132f27ada7e027f','<span style=\'font-family: Arial;font-size: 9pt;font-weight: normal;\'>不会感染</span>',1),('2c9a8ef432f26ced0132f27ada7e0282','2c9a8ef432f26ced0132f27ada7e027f','<span style=\'font-family: Arial;font-size: 9pt;font-weight: normal;\'>会感染但不会致病</span>',0),('2c9a8ef432f26ced0132f27ada7e0283','2c9a8ef432f26ced0132f27ada7e027f','<span style=\'font-family: Arial;font-size: 9pt;font-weight: normal;\'>会感染致病</span>',0),('2c9a8ef432f26ced0132f27ada7e0286','2c9a8ef432f26ced0132f27ada7e0285','<span style=\'font-family: Arial;font-size: 9pt;font-weight: normal;\'>电子邮件</span>',1),('2c9a8ef432f26ced0132f27ada7e0287','2c9a8ef432f26ced0132f27ada7e0285','<span style=\'font-family: Arial;font-size: 9pt;font-weight: normal;\'>软盘</span>',0),('2c9a8ef432f26ced0132f27ada7e0288','2c9a8ef432f26ced0132f27ada7e0285','<span style=\'font-family: Arial;font-size: 9pt;font-weight: normal;\'>光盘</span>',0),('2c9a8ef432f26ced0132f27ada7e0289','2c9a8ef432f26ced0132f27ada7e0285','<span style=\'font-family: Arial;font-size: 9pt;font-weight: normal;\'>Word&amp;nbsp;文档</span>',0),('2c9a8ef432f26ced0132f27ada7f028c','2c9a8ef432f26ced0132f27ada7f028b','<span style=\'font-family: Arial;font-size: 9pt;font-weight: normal;\'>安全扫描在企业部署安全策略中处于非常重要的地位</span>',0),('2c9a8ef432f26ced0132f27ada7f028d','2c9a8ef432f26ced0132f27ada7f028b','<span style=\'font-family: Arial;font-size: 9pt;font-weight: normal;\'>安全扫描系统可用于管理和维护信息安全设备的安全</span>',1),('2c9a8ef432f26ced0132f27ada7f028e','2c9a8ef432f26ced0132f27ada7f028b','<span style=\'font-family: Arial;font-size: 9pt;font-weight: normal;\'>安全扫描系统对防火墙在某些安全功能上的不足不具有弥补性</span>',0),('2c9a8ef432f26ced0132f27ada7f028f','2c9a8ef432f26ced0132f27ada7f028b','<span style=\'font-family: Arial;font-size: 9pt;font-weight: normal;\'>安全扫描系统是把双刃剑</span>',0),('2c9a8ef432f26ced0132f27ada7f0292','2c9a8ef432f26ced0132f27ada7f0291','<span style=\'font-family: Arial;font-size: 9pt;font-weight: normal;\'>弥补由于认证机制薄弱带来的问题</span>',0),('2c9a8ef432f26ced0132f27ada7f0293','2c9a8ef432f26ced0132f27ada7f0291','<span style=\'font-family: Arial;font-size: 9pt;font-weight: normal;\'>弥补由于协议本身而产生的问题</span>',0),('2c9a8ef432f26ced0132f27ada7f0294','2c9a8ef432f26ced0132f27ada7f0291','<span style=\'font-family: Arial;font-size: 9pt;font-weight: normal;\'>弥补防火墙对内网安全威胁检测不足的问题</span>',1),('2c9a8ef432f26ced0132f27ada7f0295','2c9a8ef432f26ced0132f27ada7f0291','<span style=\'font-family: Arial;font-size: 9pt;font-weight: normal;\'>扫描检测所有的数据包攻击，分析所有的数据流</span>',0),('2c9a8ef432f26ced0132f27ada7f0298','2c9a8ef432f26ced0132f27ada7f0297','<span style=\'font-family: Arial;font-size: 9pt;font-weight: normal;\'>完全备份</span>',0),('2c9a8ef432f26ced0132f27ada7f0299','2c9a8ef432f26ced0132f27ada7f0297','<span style=\'font-family: Arial;font-size: 9pt;font-weight: normal;\'>增量备份</span>',1),('2c9a8ef432f26ced0132f27ada7f029a','2c9a8ef432f26ced0132f27ada7f0297','<span style=\'font-family: Arial;font-size: 9pt;font-weight: normal;\'>差异备份</span>',0),('2c9a8ef432f26ced0132f27ada7f029b','2c9a8ef432f26ced0132f27ada7f0297','<span style=\'font-family: Arial;font-size: 9pt;font-weight: normal;\'>磁带备份</span>',0),('2c9a8ef432f26ced0132f27ada80029e','2c9a8ef432f26ced0132f27ada7f029d','<span style=\'font-family: Arial;font-size: 9pt;font-weight: normal;\'>备份介质</span>',0),('2c9a8ef432f26ced0132f27ada80029f','2c9a8ef432f26ced0132f27ada7f029d','<span style=\'font-family: Arial;font-size: 9pt;font-weight: normal;\'>备份的存储位置</span>',1),('2c9a8ef432f26ced0132f27ada8002a0','2c9a8ef432f26ced0132f27ada7f029d','<span style=\'font-family: Arial;font-size: 9pt;font-weight: normal;\'>备份数据量</span>',0),('2c9a8ef432f26ced0132f27ada8002a1','2c9a8ef432f26ced0132f27ada7f029d','<span style=\'font-family: Arial;font-size: 9pt;font-weight: normal;\'>恢复备份的最大允许时间</span>',0),('2c9a8ef432f26ced0132f27ada8002a4','2c9a8ef432f26ced0132f27ada8002a3','<span style=\'font-family: Arial;font-size: 9pt;font-weight: normal;\'>防火设施</span>',1),('2c9a8ef432f26ced0132f27ada8002a5','2c9a8ef432f26ced0132f27ada8002a3','<span style=\'font-family: Arial;font-size: 9pt;font-weight: normal;\'>数据备份</span>',0),('2c9a8ef432f26ced0132f27ada8002a6','2c9a8ef432f26ced0132f27ada8002a3','<span style=\'font-family: Arial;font-size: 9pt;font-weight: normal;\'>配置冗余设备</span>',0),('2c9a8ef432f26ced0132f27ada8002a7','2c9a8ef432f26ced0132f27ada8002a3','<span style=\'font-family: Arial;font-size: 9pt;font-weight: normal;\'>不间断电源，至少应给服务器等关键设备配备</span>',0),('2c9a8ef432f26ced0132f27ada8002aa','2c9a8ef432f26ced0132f27ada8002a9','<span style=\'font-family: Arial;font-size: 9pt;font-weight: normal;\'>危险的可能性</span>',0),('2c9a8ef432f26ced0132f27ada8002ab','2c9a8ef432f26ced0132f27ada8002a9','<span style=\'font-family: Arial;font-size: 9pt;font-weight: normal;\'>危险的可控性</span>',0),('2c9a8ef432f26ced0132f27ada8002ac','2c9a8ef432f26ced0132f27ada8002a9','<span style=\'font-family: Arial;font-size: 9pt;font-weight: normal;\'>危险的隐蔽性</span>',1),('2c9a8ef432f26ced0132f27ada8002ad','2c9a8ef432f26ced0132f27ada8002a9','<span style=\'font-family: Arial;font-size: 9pt;font-weight: normal;\'>危险的潜伏期</span>',0),('2c9a8ef432f26ced0132f27ada8002b0','2c9a8ef432f26ced0132f27ada8002af','<span style=\'font-family: Arial;font-size: 9pt;font-weight: normal;\'>人员管理是安全管理的重要环节</span>',0),('2c9a8ef432f26ced0132f27ada8102b1','2c9a8ef432f26ced0132f27ada8002af','<span style=\'font-family: Arial;font-size: 9pt;font-weight: normal;\'>安全授权不是人员管理的手段</span>',1),('2c9a8ef432f26ced0132f27ada8102b2','2c9a8ef432f26ced0132f27ada8002af','<span style=\'font-family: Arial;font-size: 9pt;font-weight: normal;\'>安全教育是人员管理的有力手段</span>',0),('2c9a8ef432f26ced0132f27ada8102b3','2c9a8ef432f26ced0132f27ada8002af','<span style=\'font-family: Arial;font-size: 9pt;font-weight: normal;\'>人员管理时，安全审查是必须的</span>',0),('2c9a8ef432f26ced0132f27ada8102b6','2c9a8ef432f26ced0132f27ada8102b5','<span style=\'font-family: Arial;font-size: 9pt;font-weight: normal;\'>逻辑隔离</span>',0),('2c9a8ef432f26ced0132f27ada8102b7','2c9a8ef432f26ced0132f27ada8102b5','<span style=\'font-family: Arial;font-size: 9pt;font-weight: normal;\'>物理隔离</span>',1),('2c9a8ef432f26ced0132f27ada8102b8','2c9a8ef432f26ced0132f27ada8102b5','<span style=\'font-family: Arial;font-size: 9pt;font-weight: normal;\'>安装防火墙</span>',0),('2c9a8ef432f26ced0132f27ada8102b9','2c9a8ef432f26ced0132f27ada8102b5','<span style=\'font-family: Arial;font-size: 9pt;font-weight: normal;\'>VLAN&amp;nbsp;划分</span>',0),('2c9a8ef432f26ced0132f27ada8202bc','2c9a8ef432f26ced0132f27ada8102bb','<span style=\'font-family: Arial;font-size: 9pt;font-weight: normal;\'>国家公安部门负责</span>',0),('2c9a8ef432f26ced0132f27ada8202bd','2c9a8ef432f26ced0132f27ada8102bb','<span style=\'font-family: Arial;font-size: 9pt;font-weight: normal;\'>国家保密部门负责</span>',0),('2c9a8ef432f26ced0132f27ada8202be','2c9a8ef432f26ced0132f27ada8102bb','<span style=\'font-family: Arial;font-size: 9pt;font-weight: normal;\'>谁上网谁负责</span>',1),('2c9a8ef432f26ced0132f27ada8202bf','2c9a8ef432f26ced0132f27ada8102bb','<span style=\'font-family: Arial;font-size: 9pt;font-weight: normal;\'>用户自觉</span>',0),('2c9a8ef432f26ced0132f27ada8202c2','2c9a8ef432f26ced0132f27ada8202c1','<span style=\'font-family: Arial;font-size: 9pt;font-weight: normal;\'>内容过滤处理</span>',0),('2c9a8ef432f26ced0132f27ada8202c3','2c9a8ef432f26ced0132f27ada8202c1','<span style=\'font-family: Arial;font-size: 9pt;font-weight: normal;\'>单位领导同意</span>',0),('2c9a8ef432f26ced0132f27ada8202c4','2c9a8ef432f26ced0132f27ada8202c1','<span style=\'font-family: Arial;font-size: 9pt;font-weight: normal;\'>备案制度</span>',0),('2c9a8ef432f26ced0132f27ada8202c5','2c9a8ef432f26ced0132f27ada8202c1','<span style=\'font-family: Arial;font-size: 9pt;font-weight: normal;\'>保密审查批准</span>',1),('2c9a8ef432f26ced0132f27ada8202c8','2c9a8ef432f26ced0132f27ada8202c7','<span style=\'font-family: Arial;font-size: 9pt;font-weight: normal;\'>领导责任制</span>',1),('2c9a8ef432f26ced0132f27ada8202c9','2c9a8ef432f26ced0132f27ada8202c7','<span style=\'font-family: Arial;font-size: 9pt;font-weight: normal;\'>专人负责制</span>',0),('2c9a8ef432f26ced0132f27ada8202ca','2c9a8ef432f26ced0132f27ada8202c7','<span style=\'font-family: Arial;font-size: 9pt;font-weight: normal;\'>民主集中制</span>',0),('2c9a8ef432f26ced0132f27ada8202cb','2c9a8ef432f26ced0132f27ada8202c7','<span style=\'font-family: Arial;font-size: 9pt;font-weight: normal;\'>职能部门监管责任制</span>',0),('2c9a8ef432f26ced0132f27ada8202ce','2c9a8ef432f26ced0132f27ada8202cd','<span style=\'font-family: Arial;font-size: 9pt;font-weight: normal;\'>通信管理机构</span>',0),('2c9a8ef432f26ced0132f27ada8302cf','2c9a8ef432f26ced0132f27ada8202cd','<span style=\'font-family: Arial;font-size: 9pt;font-weight: normal;\'>公安监察机构</span>',0),('2c9a8ef432f26ced0132f27ada8302d0','2c9a8ef432f26ced0132f27ada8202cd','<span style=\'font-family: Arial;font-size: 9pt;font-weight: normal;\'>保密工作机构</span>',1),('2c9a8ef432f26ced0132f27ada8302d1','2c9a8ef432f26ced0132f27ada8202cd','<span style=\'font-family: Arial;font-size: 9pt;font-weight: normal;\'>公司领导机构</span>',0),('2c9a8ef432f26ced0132f27ada8302d4','2c9a8ef432f26ced0132f27ada8302d3','<span style=\'font-family: Arial;font-size: 9pt;font-weight: normal;\'>等同于在网络上证明个人和公司身份的身份证</span>',1),('2c9a8ef432f26ced0132f27ada8302d5','2c9a8ef432f26ced0132f27ada8302d3','<span style=\'font-family: Arial;font-size: 9pt;font-weight: normal;\'>浏览器的一标准特性，它使得黑客不能得知用户的身份</span>',0),('2c9a8ef432f26ced0132f27ada8302d6','2c9a8ef432f26ced0132f27ada8302d3','<span style=\'font-family: Arial;font-size: 9pt;font-weight: normal;\'>网站要求用户使用用户名和密码登陆的安全机制</span>',0),('2c9a8ef432f26ced0132f27ada8302d7','2c9a8ef432f26ced0132f27ada8302d3','<span style=\'font-family: Arial;font-size: 9pt;font-weight: normal;\'>伴随在线交易证明购买的收据</span>',0),('2c9a8ef432f26ced0132f27ada8302da','2c9a8ef432f26ced0132f27ada8302d9','<span style=\'font-family: Arial;font-size: 9pt;font-weight: normal;\'>只在封面标识</span>',0),('2c9a8ef432f26ced0132f27ada8302db','2c9a8ef432f26ced0132f27ada8302d9','<span style=\'font-family: Arial;font-size: 9pt;font-weight: normal;\'>标识要隐藏在正文中，一般人不易发觉</span>',0),('2c9a8ef432f26ced0132f27ada8302dc','2c9a8ef432f26ced0132f27ada8302d9','<span style=\'font-family: Arial;font-size: 9pt;font-weight: normal;\'>不能分离</span>',1),('2c9a8ef432f26ced0132f27ada8302dd','2c9a8ef432f26ced0132f27ada8302d9','<span style=\'font-family: Arial;font-size: 9pt;font-weight: normal;\'>以上都可以</span>',0),('2c9a8ef432f26ced0132f27ada8302e0','2c9a8ef432f26ced0132f27ada8302df','<span style=\'font-family: Arial;font-size: 9pt;font-weight: normal;\'>经格式化后，可以不受限制使用。</span>',0),('2c9a8ef432f26ced0132f27ada8302e1','2c9a8ef432f26ced0132f27ada8302df','<span style=\'font-family: Arial;font-size: 9pt;font-weight: normal;\'>如果使用，不能降低密级使用。</span>',1),('2c9a8ef432f26ced0132f27ada8402e2','2c9a8ef432f26ced0132f27ada8302df','<span style=\'font-family: Arial;font-size: 9pt;font-weight: normal;\'>经单位领导批准后，可以不受限制使用。</span>',0),('2c9a8ef432f26ced0132f27ada8402e3','2c9a8ef432f26ced0132f27ada8302df','<span style=\'font-family: Arial;font-size: 9pt;font-weight: normal;\'>不能使用。</span>',0),('2c9a8ef432f26ced0132f27ada8402e6','2c9a8ef432f26ced0132f27ada8402e5','<span style=\'font-family: Arial;font-size: 9pt;font-weight: normal;\'>十二</span>',0),('2c9a8ef432f26ced0132f27ada8402e7','2c9a8ef432f26ced0132f27ada8402e5','<span style=\'font-family: Arial;font-size: 9pt;font-weight: normal;\'>十</span>',0),('2c9a8ef432f26ced0132f27ada8402e8','2c9a8ef432f26ced0132f27ada8402e5','<span style=\'font-family: Arial;font-size: 9pt;font-weight: normal;\'>八</span>',1),('2c9a8ef432f26ced0132f27ada8402e9','2c9a8ef432f26ced0132f27ada8402e5','<span style=\'font-family: Arial;font-size: 9pt;font-weight: normal;\'>六</span>',0),('2c9a8ef432f26ced0132f27ada8402ec','2c9a8ef432f26ced0132f27ada8402eb','<span style=\'font-family: Arial;font-size: 9pt;font-weight: normal;\'>学员知道的某种事物</span>',0),('2c9a8ef432f26ced0132f27ada8502ed','2c9a8ef432f26ced0132f27ada8402eb','<span style=\'font-family: Arial;font-size: 9pt;font-weight: normal;\'>学员自有的特征</span>',1),('2c9a8ef432f26ced0132f27ada8502ee','2c9a8ef432f26ced0132f27ada8402eb','<span style=\'font-family: Arial;font-size: 9pt;font-weight: normal;\'>学员拥有物</span>',0),('2c9a8ef432f26ced0132f27ada8502ef','2c9a8ef432f26ced0132f27ada8402eb','<span style=\'font-family: Arial;font-size: 9pt;font-weight: normal;\'>学员的某种难以仿制的行为结果</span>',0),('2c9a8ef432f26ced0132f27ada8502f2','2c9a8ef432f26ced0132f27ada8502f1','<span style=\'font-family: Arial;font-size: 9pt;font-weight: normal;\'>学员知道的某种事物</span>',0),('2c9a8ef432f26ced0132f27ada8702f3','2c9a8ef432f26ced0132f27ada8502f1','<span style=\'font-family: Arial;font-size: 9pt;font-weight: normal;\'>学员自有的特征</span>',0),('2c9a8ef432f26ced0132f27ada8702f4','2c9a8ef432f26ced0132f27ada8502f1','<span style=\'font-family: Arial;font-size: 9pt;font-weight: normal;\'>学员拥有物</span>',1),('2c9a8ef432f26ced0132f27ada8802f5','2c9a8ef432f26ced0132f27ada8502f1','<span style=\'font-family: Arial;font-size: 9pt;font-weight: normal;\'>学员的某种难以仿制的行为结果</span>',0),('2c9a8ef432f26ced0132f27ada8902f8','2c9a8ef432f26ced0132f27ada8802f7','<span style=\'font-family: Arial;font-size: 9pt;font-weight: normal;\'>口令/账号加密</span>',0),('2c9a8ef432f26ced0132f27ada8902f9','2c9a8ef432f26ced0132f27ada8802f7','<span style=\'font-family: Arial;font-size: 9pt;font-weight: normal;\'>定期更换口令</span>',0),('2c9a8ef432f26ced0132f27ada8902fa','2c9a8ef432f26ced0132f27ada8802f7','<span style=\'font-family: Arial;font-size: 9pt;font-weight: normal;\'>限制对口令文件的访问</span>',0),('2c9a8ef432f26ced0132f27ada8902fb','2c9a8ef432f26ced0132f27ada8802f7','<span style=\'font-family: Arial;font-size: 9pt;font-weight: normal;\'>设置含名字和电话号码的口令以便记忆</span>',1),('2c9a8ef432f26ced0132f27ada8902fe','2c9a8ef432f26ced0132f27ada8902fd','<span style=\'font-family: Arial;font-size: 9pt;font-weight: normal;\'>即时升级防火墙，更新病毒库，安装相应杀毒软件</span>',1),('2c9a8ef432f26ced0132f27ada8902ff','2c9a8ef432f26ced0132f27ada8902fd','<span style=\'font-family: Arial;font-size: 9pt;font-weight: normal;\'>不用手动调整防火墙的安全级别，它会智能选择</span>',0),('2c9a8ef432f26ced0132f27ada890300','2c9a8ef432f26ced0132f27ada8902fd','<span style=\'font-family: Arial;font-size: 9pt;font-weight: normal;\'>不用安装杀毒软件，防火墙会自我保护</span>',0),('2c9a8ef432f26ced0132f27ada890301','2c9a8ef432f26ced0132f27ada8902fd','<span style=\'font-family: Arial;font-size: 9pt;font-weight: normal;\'>所有防火墙提示都选择不允许</span>',0),('2c9a8ef432f26ced0132f27ada890304','2c9a8ef432f26ced0132f27ada890303','<span style=\'font-family: Arial;font-size: 9pt;font-weight: normal;\'>数据备份需要制定数据备份计划，而数据被破坏后的恢复计划则也是必须的。</span>',0),('2c9a8ef432f26ced0132f27ada890305','2c9a8ef432f26ced0132f27ada890303','<span style=\'font-family: Arial;font-size: 9pt;font-weight: normal;\'>硬盘坏了就不可以进行数据恢复</span>',1),('2c9a8ef432f26ced0132f27ada890306','2c9a8ef432f26ced0132f27ada890303','<span style=\'font-family: Arial;font-size: 9pt;font-weight: normal;\'>重要的数据恢复找专业人员处理，尽量不要自己DIY</span>',0),('2c9a8ef432f26ced0132f27ada890307','2c9a8ef432f26ced0132f27ada890303','<span style=\'font-family: Arial;font-size: 9pt;font-weight: normal;\'>数据备份需要制定数据备份计划，而数据被破坏后的恢复要及时恢复</span>',0),('2c9a8ef432f26ced0132f27ada89030a','2c9a8ef432f26ced0132f27ada890309','<span style=\'font-family: Arial;font-size: 9pt;font-weight: normal;\'>设计好网络拓扑结构。</span>',0),('2c9a8ef432f26ced0132f27ada89030b','2c9a8ef432f26ced0132f27ada890309','<span style=\'font-family: Arial;font-size: 9pt;font-weight: normal;\'>安装好防火墙和杀毒软件</span>',0),('2c9a8ef432f26ced0132f27ada8a030c','2c9a8ef432f26ced0132f27ada890309','<span style=\'font-family: Arial;font-size: 9pt;font-weight: normal;\'>对客户机进行系统漏洞修补</span>',0),('2c9a8ef432f26ced0132f27ada8a030d','2c9a8ef432f26ced0132f27ada890309','<span style=\'font-family: Arial;font-size: 9pt;font-weight: normal;\'>行政手段即可实现</span>',1),('2c9a8ef432f26ced0132f27ada8a0310','2c9a8ef432f26ced0132f27ada8a030f','<span style=\'font-family: Arial;font-size: 9pt;font-weight: normal;\'>木马是一种带有恶意性质的远程控制软件。</span>',0),('2c9a8ef432f26ced0132f27ada8a0311','2c9a8ef432f26ced0132f27ada8a030f','<span style=\'font-family: Arial;font-size: 9pt;font-weight: normal;\'>木马一般分为客户端（client）和服务器端（server）</span>',0),('2c9a8ef432f26ced0132f27ada8a0312','2c9a8ef432f26ced0132f27ada8a030f','<span style=\'font-family: Arial;font-size: 9pt;font-weight: normal;\'>木马不会像病毒那样去感染文件</span>',0),('2c9a8ef432f26ced0132f27ada8a0313','2c9a8ef432f26ced0132f27ada8a030f','<span style=\'font-family: Arial;font-size: 9pt;font-weight: normal;\'>木马不用运行过服务器端的计算机也能够完全受控。</span>',1),('2c9a8ef432f26ced0132f27ada8a0316','2c9a8ef432f26ced0132f27ada8a0315','<span style=\'font-family: Arial;font-size: 9pt;font-weight: normal;\'>后门（BackDoor）是指一种绕过安全性控制而获取对程序或系统访问权的方法。</span>',0),('2c9a8ef432f26ced0132f27ada8a0317','2c9a8ef432f26ced0132f27ada8a0315','<span style=\'font-family: Arial;font-size: 9pt;font-weight: normal;\'>在软件的开发阶段，程序员常会在软件内创建后门以便可以修改程序中的缺陷。</span>',0),('2c9a8ef432f26ced0132f27ada8a0318','2c9a8ef432f26ced0132f27ada8a0315','<span style=\'font-family: Arial;font-size: 9pt;font-weight: normal;\'>如果后门被其他人知道，或是在发布软件之前没有删除，那么它就成了安全隐患。</span>',0),('2c9a8ef432f26ced0132f27ada8a0319','2c9a8ef432f26ced0132f27ada8a0315','<span style=\'font-family: Arial;font-size: 9pt;font-weight: normal;\'>后门就是系统漏洞</span>',1),('2c9a8ef432f26ced0132f27ada8a031c','2c9a8ef432f26ced0132f27ada8a031b','<span style=\'font-family: Arial;font-size: 9pt;font-weight: normal;\'>不断弹出“本机的XXX段硬件地址与网络中的XXX段地址冲突”的对话框。</span>',0),('2c9a8ef432f26ced0132f27ada8a031d','2c9a8ef432f26ced0132f27ada8a031b','<span style=\'font-family: Arial;font-size: 9pt;font-weight: normal;\'>计算机不能正常上网，出现网络中断的症状。</span>',0),('2c9a8ef432f26ced0132f27ada8a031e','2c9a8ef432f26ced0132f27ada8a031b','<span style=\'font-family: Arial;font-size: 9pt;font-weight: normal;\'>利用ARP请求报文进行“欺骗”的，普通的防火墙很难抵挡这种攻击。</span>',0),('2c9a8ef432f26ced0132f27ada8a031f','2c9a8ef432f26ced0132f27ada8a031b','<span style=\'font-family: Arial;font-size: 9pt;font-weight: normal;\'>局域网内部的ARP攻击无法防范</span>',1),('2c9a8ef432f26ced0132f27ada8b0322','2c9a8ef432f26ced0132f27ada8a0321','<span style=\'font-family: Arial;font-size: 9pt;font-weight: normal;\'>删除该优盘上的所有文件</span>',0),('2c9a8ef432f26ced0132f27ada8b0323','2c9a8ef432f26ced0132f27ada8a0321','<span style=\'font-family: Arial;font-size: 9pt;font-weight: normal;\'>格式化该优盘</span>',0),('2c9a8ef432f26ced0132f27ada8b0324','2c9a8ef432f26ced0132f27ada8a0321','<span style=\'font-family: Arial;font-size: 9pt;font-weight: normal;\'>删除该优盘上的所有可执行文件</span>',0),('2c9a8ef432f26ced0132f27ada8b0325','2c9a8ef432f26ced0132f27ada8a0321','<span style=\'font-family: Arial;font-size: 9pt;font-weight: normal;\'>删除该优盘上的所有批处理文件</span>',1),('2c9a8ef432f26ced0132f27ada8b0328','2c9a8ef432f26ced0132f27ada8b0327','<span style=\'font-family: Arial;font-size: 9pt;font-weight: normal;\'>特洛伊木马</span>',0),('2c9a8ef432f26ced0132f27ada8b0329','2c9a8ef432f26ced0132f27ada8b0327','<span style=\'font-family: Arial;font-size: 9pt;font-weight: normal;\'>拒绝服务</span>',1),('2c9a8ef432f26ced0132f27ada8b032a','2c9a8ef432f26ced0132f27ada8b0327','<span style=\'font-family: Arial;font-size: 9pt;font-weight: normal;\'>欺骗</span>',0),('2c9a8ef432f26ced0132f27ada8b032b','2c9a8ef432f26ced0132f27ada8b0327','<span style=\'font-family: Arial;font-size: 9pt;font-weight: normal;\'>中间人攻击</span>',0),('2c9a8ef432f26ced0132f27ada8c032e','2c9a8ef432f26ced0132f27ada8b032d','<span style=\'font-family: Arial;font-size: 9pt;font-weight: normal;\'>ping</span>',0),('2c9a8ef432f26ced0132f27ada8c032f','2c9a8ef432f26ced0132f27ada8b032d','<span style=\'font-family: Arial;font-size: 9pt;font-weight: normal;\'>nslookup</span>',0),('2c9a8ef432f26ced0132f27ada8c0330','2c9a8ef432f26ced0132f27ada8b032d','<span style=\'font-family: Arial;font-size: 9pt;font-weight: normal;\'>tracert</span>',1),('2c9a8ef432f26ced0132f27ada8c0331','2c9a8ef432f26ced0132f27ada8b032d','<span style=\'font-family: Arial;font-size: 9pt;font-weight: normal;\'>ipconfig</span>',0),('2c9a8ef432f26ced0132f27ada8c0334','2c9a8ef432f26ced0132f27ada8c0333','<span style=\'font-family: Arial;font-size: 9pt;font-weight: normal;\'>不用生日做密码</span>',0),('2c9a8ef432f26ced0132f27ada8c0335','2c9a8ef432f26ced0132f27ada8c0333','<span style=\'font-family: Arial;font-size: 9pt;font-weight: normal;\'>不要使用少于5位的密码</span>',0),('2c9a8ef432f26ced0132f27ada8c0336','2c9a8ef432f26ced0132f27ada8c0333','<span style=\'font-family: Arial;font-size: 9pt;font-weight: normal;\'>不要使用纯数字</span>',0),('2c9a8ef432f26ced0132f27ada8c0337','2c9a8ef432f26ced0132f27ada8c0333','<span style=\'font-family: Arial;font-size: 9pt;font-weight: normal;\'>将密码设得非常复杂并保证在20位以上</span>',1),('2c9a8ef432f26ced0132f27ada8c033a','2c9a8ef432f26ced0132f27ada8c0339','<span style=\'font-family: Arial;font-size: 9pt;font-weight: normal;\'>拒绝垃圾邮件</span>',0),('2c9a8ef432f26ced0132f27ada8d033b','2c9a8ef432f26ced0132f27ada8c0339','<span style=\'font-family: Arial;font-size: 9pt;font-weight: normal;\'>拒绝巨型邮件</span>',0),('2c9a8ef432f26ced0132f27ada8d033c','2c9a8ef432f26ced0132f27ada8c0339','<span style=\'font-family: Arial;font-size: 9pt;font-weight: normal;\'>不轻易打开来历不明的邮件</span>',0),('2c9a8ef432f26ced0132f27ada8d033d','2c9a8ef432f26ced0132f27ada8c0339','<span style=\'font-family: Arial;font-size: 9pt;font-weight: normal;\'>拒绝国外邮件</span>',1),('2c9a8ef432f26ced0132f27ada8d0340','2c9a8ef432f26ced0132f27ada8d033f','<span style=\'font-family: Arial;font-size: 9pt;font-weight: normal;\'>程序代码</span>',1),('2c9a8ef432f26ced0132f27ada8d0341','2c9a8ef432f26ced0132f27ada8d033f','<span style=\'font-family: Arial;font-size: 9pt;font-weight: normal;\'>微生物病菌</span>',0),('2c9a8ef432f26ced0132f27ada8d0342','2c9a8ef432f26ced0132f27ada8d033f','<span style=\'font-family: Arial;font-size: 9pt;font-weight: normal;\'>计算机专家</span>',0),('2c9a8ef432f26ced0132f27ada8d0343','2c9a8ef432f26ced0132f27ada8d033f','<span style=\'font-family: Arial;font-size: 9pt;font-weight: normal;\'>文件</span>',0),('2c9a8ef432f26ced0132f27ada8d0346','2c9a8ef432f26ced0132f27ada8d0345','<span style=\'font-family: Arial;font-size: 9pt;font-weight: normal;\'>上网的人</span>',0),('2c9a8ef432f26ced0132f27ada8d0347','2c9a8ef432f26ced0132f27ada8d0345','<span style=\'font-family: Arial;font-size: 9pt;font-weight: normal;\'>入侵他人计算机系统的人</span>',1),('2c9a8ef432f26ced0132f27ada8d0348','2c9a8ef432f26ced0132f27ada8d0345','<span style=\'font-family: Arial;font-size: 9pt;font-weight: normal;\'>在网络上行骗的人</span>',0),('2c9a8ef432f26ced0132f27ada8e0349','2c9a8ef432f26ced0132f27ada8d0345','<span style=\'font-family: Arial;font-size: 9pt;font-weight: normal;\'>破坏系统的人</span>',0),('2c9a8ef432f26ced0132f27ada8e034c','2c9a8ef432f26ced0132f27ada8e034b','<span style=\'font-family: Arial;font-size: 9pt;font-weight: normal;\'>远程控制软件</span>',1),('2c9a8ef432f26ced0132f27ada8e034d','2c9a8ef432f26ced0132f27ada8e034b','<span style=\'font-family: Arial;font-size: 9pt;font-weight: normal;\'>计算机操作系统</span>',0),('2c9a8ef432f26ced0132f27ada8e034e','2c9a8ef432f26ced0132f27ada8e034b','<span style=\'font-family: Arial;font-size: 9pt;font-weight: normal;\'>木头做的马</span>',0),('2c9a8ef432f26ced0132f27ada8e034f','2c9a8ef432f26ced0132f27ada8e034b','<span style=\'font-family: Arial;font-size: 9pt;font-weight: normal;\'>系统软件</span>',0),('2c9a8ef432f26ced0132f27ada8e0352','2c9a8ef432f26ced0132f27ada8e0351','<span style=\'font-family: Arial;font-size: 9pt;font-weight: normal;\'>计算机操作系统</span>',1),('2c9a8ef432f26ced0132f27ada8f0353','2c9a8ef432f26ced0132f27ada8e0351','<span style=\'font-family: Arial;font-size: 9pt;font-weight: normal;\'>计算机硬件</span>',0),('2c9a8ef432f26ced0132f27ada8f0354','2c9a8ef432f26ced0132f27ada8e0351','<span style=\'font-family: Arial;font-size: 9pt;font-weight: normal;\'>文字处理软件</span>',0),('2c9a8ef432f26ced0132f27ada8f0355','2c9a8ef432f26ced0132f27ada8e0351','<span style=\'font-family: Arial;font-size: 9pt;font-weight: normal;\'>计算机应用软件</span>',0),('2c9a8ef432f26ced0132f27ada8f0358','2c9a8ef432f26ced0132f27ada8f0357','<span style=\'font-family: Arial;font-size: 9pt;font-weight: normal;\'>绿色上网软件</span>',0),('2c9a8ef432f26ced0132f27ada8f0359','2c9a8ef432f26ced0132f27ada8f0357','<span style=\'font-family: Arial;font-size: 9pt;font-weight: normal;\'>杀病毒软件</span>',0),('2c9a8ef432f26ced0132f27ada8f035a','2c9a8ef432f26ced0132f27ada8f0357','<span style=\'font-family: Arial;font-size: 9pt;font-weight: normal;\'>防火墙</span>',1),('2c9a8ef432f26ced0132f27ada90035b','2c9a8ef432f26ced0132f27ada8f0357','<span style=\'font-family: Arial;font-size: 9pt;font-weight: normal;\'>远程控制软件</span>',0),('2c9a8ef432f26ced0132f27ada90035e','2c9a8ef432f26ced0132f27ada90035d','<span style=\'font-family: Arial;font-size: 9pt;font-weight: normal;\'>升级</span>',1),('2c9a8ef432f26ced0132f27ada90035f','2c9a8ef432f26ced0132f27ada90035d','<span style=\'font-family: Arial;font-size: 9pt;font-weight: normal;\'>分析</span>',0),('2c9a8ef432f26ced0132f27ada900360','2c9a8ef432f26ced0132f27ada90035d','<span style=\'font-family: Arial;font-size: 9pt;font-weight: normal;\'>检查</span>',0),('2c9a8ef432f26ced0132f27ada900361','2c9a8ef432f26ced0132f27ada90035d','<span style=\'font-family: Arial;font-size: 9pt;font-weight: normal;\'>杀毒</span>',0),('2c9a8ef432f26ced0132f27ada900364','2c9a8ef432f26ced0132f27ada900363','<span style=\'font-family: Arial;font-size: 9pt;font-weight: normal;\'>如果被盗硬盘没有备份，储存在其上的所有数据就都丢失了</span>',0),('2c9a8ef432f26ced0132f27ada900365','2c9a8ef432f26ced0132f27ada900363','<span style=\'font-family: Arial;font-size: 9pt;font-weight: normal;\'>在备份数据恢复到替代设备上的过程中不能对数据进行即时访问</span>',0),('2c9a8ef432f26ced0132f27ada900366','2c9a8ef432f26ced0132f27ada900363','<span style=\'font-family: Arial;font-size: 9pt;font-weight: normal;\'>如果数据没有加密，任何得到被盗个人电脑的人都可访问其中的数据</span>',0),('2c9a8ef432f26ced0132f27ada900367','2c9a8ef432f26ced0132f27ada900363','<span style=\'font-family: Arial;font-size: 9pt;font-weight: normal;\'>找回了丢失的电脑，就可以确认是否有人复制了其中的数据</span>',1),('2c9a8ef432f26ced0132f27ada90036a','2c9a8ef432f26ced0132f27ada900369','<span style=\'font-family: Arial;font-size: 9pt;font-weight: normal;\'>专人负责制，只安排一人负责安全管理</span>',1),('2c9a8ef432f26ced0132f27ada90036b','2c9a8ef432f26ced0132f27ada900369','<span style=\'font-family: Arial;font-size: 9pt;font-weight: normal;\'>任期有限原则，即不定期循环任职</span>',0),('2c9a8ef432f26ced0132f27ada90036c','2c9a8ef432f26ced0132f27ada900369','<span style=\'font-family: Arial;font-size: 9pt;font-weight: normal;\'>职责分离，即编程与操作、信息传递与接收等实施分工</span>',0),('2c9a8ef432f26ced0132f27ada90036d','2c9a8ef432f26ced0132f27ada900369','<span style=\'font-family: Arial;font-size: 9pt;font-weight: normal;\'>人事审查原则。对接触敏感数据的人员的录用、岗位确定、工作评价必须进行背景调查。</span>',0),('2c9a8ef432f26ced0132f27ada910370','2c9a8ef432f26ced0132f27ada91036f','<span style=\'font-family: Arial;font-size: 9pt;font-weight: normal;\'>镜像备份或整盘备份，即对硬盘上的所有文件进行整体地备份。</span>',0),('2c9a8ef432f26ced0132f27ada910371','2c9a8ef432f26ced0132f27ada91036f','<span style=\'font-family: Arial;font-size: 9pt;font-weight: normal;\'>逐文件备份，&amp;nbsp;即由用户选择要备份的目录或文件，然后由系统依次备份每个文件</span>',0),('2c9a8ef432f26ced0132f27ada910372','2c9a8ef432f26ced0132f27ada91036f','<span style=\'font-family: Arial;font-size: 9pt;font-weight: normal;\'>增量备份或差异备份，即只对上次备份之后又新添加的文件和更改的文件进行备份。</span>',0),('2c9a8ef432f26ced0132f27ada910373','2c9a8ef432f26ced0132f27ada91036f','<span style=\'font-family: Arial;font-size: 9pt;font-weight: normal;\'>手动备份，把要备份的文件属性改成“只读”就可以了</span>',1),('2c9a8ef432f26ced0132f27ada910376','2c9a8ef432f26ced0132f27ada910375','<span style=\'font-family: Arial;font-size: 9pt;font-weight: normal;\'>杀毒软件清除法</span>',0),('2c9a8ef432f26ced0132f27ada910377','2c9a8ef432f26ced0132f27ada910375','<span style=\'font-family: Arial;font-size: 9pt;font-weight: normal;\'>用删除主引导扇区信息进行恢复</span>',1),('2c9a8ef432f26ced0132f27ada910378','2c9a8ef432f26ced0132f27ada910375','<span style=\'font-family: Arial;font-size: 9pt;font-weight: normal;\'>删掉被感染病毒的文件</span>',0),('2c9a8ef432f26ced0132f27ada910379','2c9a8ef432f26ced0132f27ada910375','<span style=\'font-family: Arial;font-size: 9pt;font-weight: normal;\'>事先保留的无毒文件覆盖有毒文件</span>',0),('2c9a8ef432f26ced0132f27ada91037c','2c9a8ef432f26ced0132f27ada91037b','<span style=\'font-family: Arial;font-size: 9pt;font-weight: normal;\'>帐号</span>',1),('2c9a8ef432f26ced0132f27ada91037d','2c9a8ef432f26ced0132f27ada91037b','<span style=\'font-family: Arial;font-size: 9pt;font-weight: normal;\'>昵称</span>',0),('2c9a8ef432f26ced0132f27ada92037e','2c9a8ef432f26ced0132f27ada91037b','<span style=\'font-family: Arial;font-size: 9pt;font-weight: normal;\'>用户名</span>',0),('2c9a8ef432f26ced0132f27ada92037f','2c9a8ef432f26ced0132f27ada91037b','<span style=\'font-family: Arial;font-size: 9pt;font-weight: normal;\'>IP地址</span>',0),('2c9a8ef432f26ced0132f27ada920382','2c9a8ef432f26ced0132f27ada920381','<span style=\'font-family: Arial;font-size: 9pt;font-weight: normal;\'>确保机箱上各触点与金属板接触良好，同时确保机箱侧板安装到位，因为机箱的金属外壳可以实现较好的静电屏蔽效果；</span>',0),('2c9a8ef432f26ced0132f27ada920383','2c9a8ef432f26ced0132f27ada920381','<span style=\'font-family: Arial;font-size: 9pt;font-weight: normal;\'>室内电路施工时有零线和火线就可以了，不用地线</span>',1),('2c9a8ef432f26ced0132f27ada930384','2c9a8ef432f26ced0132f27ada920381','<span style=\'font-family: Arial;font-size: 9pt;font-weight: normal;\'>如果需要触及电脑内部电路，记住先释放自己身上的静电——从内侧触摸机箱外壳即可，并最好佩戴防静电手套。</span>',0),('2c9a8ef432f26ced0132f27ada930385','2c9a8ef432f26ced0132f27ada920381','<span style=\'font-family: Arial;font-size: 9pt;font-weight: normal;\'>维修电脑时最好不要穿毛料衣服（如羊毛衫），因为毛料很容易产生静电。</span>',0),('2c9a8ef432f26ced0132f27ada930388','2c9a8ef432f26ced0132f27ada930387','<span style=\'font-family: Arial;font-size: 9pt;font-weight: normal;\'>你最常用的那个邮箱密码设置一个不少于6位的有字母、数字和符号组成的没有规律的密码</span>',0),('2c9a8ef432f26ced0132f27ada930389','2c9a8ef432f26ced0132f27ada930387','<span style=\'font-family: Arial;font-size: 9pt;font-weight: normal;\'>经常修改密码，至少每月改一次。</span>',0),('2c9a8ef432f26ced0132f27ada93038a','2c9a8ef432f26ced0132f27ada930387','<span style=\'font-family: Arial;font-size: 9pt;font-weight: normal;\'>不过密码内容千万不要涉及自己的名字、生日、电话（很多密码字典都是根据这些资料做出来的）。</span>',0),('2c9a8ef432f26ced0132f27ada93038b','2c9a8ef432f26ced0132f27ada930387','<span style=\'font-family: Arial;font-size: 9pt;font-weight: normal;\'>密码是英文就可以了。</span>',1),('2c9a8ef432f26ced0132f27ada93038e','2c9a8ef432f26ced0132f27ada93038d','<span style=\'font-family: Arial;font-size: 9pt;font-weight: normal;\'>垃圾邮件是指未经请求而发送的电子邮件，如未经发件人请求而发送的商业广告或非法的电子邮件。</span>',1),('2c9a8ef432f26ced0132f27ada93038f','2c9a8ef432f26ced0132f27ada93038d','<span style=\'font-family: Arial;font-size: 9pt;font-weight: normal;\'>朋友发的搞笑邮件</span>',0),('2c9a8ef432f26ced0132f27ada930390','2c9a8ef432f26ced0132f27ada93038d','<span style=\'font-family: Arial;font-size: 9pt;font-weight: normal;\'>没有意义的邮件</span>',0),('2c9a8ef432f26ced0132f27ada930391','2c9a8ef432f26ced0132f27ada93038d','<span style=\'font-family: Arial;font-size: 9pt;font-weight: normal;\'>订阅的广告邮件</span>',0),('2c9a8ef432f26ced0132f27ada930394','2c9a8ef432f26ced0132f27ada930393','<span style=\'font-family: Arial;font-size: 9pt;font-weight: normal;\'>邮件炸弹(EmailBomb)是指目标主机发送超量的电子邮件，使主机无法承受，导致邮件系统崩溃的攻击。</span>',0),('2c9a8ef432f26ced0132f27ada930395','2c9a8ef432f26ced0132f27ada930393','<span style=\'font-family: Arial;font-size: 9pt;font-weight: normal;\'>一个邮件账户当中只能保存一定数量的电子邮件，也就是说，电子邮件账户的容量是有限的。</span>',0),('2c9a8ef432f26ced0132f27ada930396','2c9a8ef432f26ced0132f27ada930393','<span style=\'font-family: Arial;font-size: 9pt;font-weight: normal;\'>通过电子邮件炸弹，黑客可以不断地向同一个电子邮件地址发送大量垃圾邮件，从而把电子邮件账户塞满。</span>',0),('2c9a8ef432f26ced0132f27ada930397','2c9a8ef432f26ced0132f27ada930393','<span style=\'font-family: Arial;font-size: 9pt;font-weight: normal;\'>中了邮件炸弹的电子邮件地址就还可以继续接收电子邮件，但账户也会产生错误。</span>',1),('2c9a8ef432f26ced0132f27ada94039a','2c9a8ef432f26ced0132f27ada940399','<span style=\'font-family: Arial;font-size: 9pt;font-weight: normal;\'>恶意竞争对手</span>',0),('2c9a8ef432f26ced0132f27ada94039b','2c9a8ef432f26ced0132f27ada940399','<span style=\'font-family: Arial;font-size: 9pt;font-weight: normal;\'>内部人员</span>',1),('2c9a8ef432f26ced0132f27ada94039c','2c9a8ef432f26ced0132f27ada940399','<span style=\'font-family: Arial;font-size: 9pt;font-weight: normal;\'>互联网黑客</span>',0),('2c9a8ef432f26ced0132f27ada94039d','2c9a8ef432f26ced0132f27ada940399','<span style=\'font-family: Arial;font-size: 9pt;font-weight: normal;\'>第三方人员责任制</span>',0),('2c9a8ef432f26ced0132f27ada9403a0','2c9a8ef432f26ced0132f27ada94039f','<span style=\'font-family: Arial;font-size: 9pt;font-weight: normal;\'>完整性</span>',1),('2c9a8ef432f26ced0132f27ada9403a1','2c9a8ef432f26ced0132f27ada94039f','<span style=\'font-family: Arial;font-size: 9pt;font-weight: normal;\'>可用性</span>',0),('2c9a8ef432f26ced0132f27ada9403a2','2c9a8ef432f26ced0132f27ada94039f','<span style=\'font-family: Arial;font-size: 9pt;font-weight: normal;\'>可靠性</span>',0),('2c9a8ef432f26ced0132f27ada9403a3','2c9a8ef432f26ced0132f27ada94039f','<span style=\'font-family: Arial;font-size: 9pt;font-weight: normal;\'>保密性</span>',0),('2c9a8ef432f26ced0132f27ada9403a6','2c9a8ef432f26ced0132f27ada9403a5','<span style=\'font-family: Arial;font-size: 9pt;font-weight: normal;\'>完整性</span>',0),('2c9a8ef432f26ced0132f27ada9403a7','2c9a8ef432f26ced0132f27ada9403a5','<span style=\'font-family: Arial;font-size: 9pt;font-weight: normal;\'>可用性</span>',0),('2c9a8ef432f26ced0132f27ada9403a8','2c9a8ef432f26ced0132f27ada9403a5','<span style=\'font-family: Arial;font-size: 9pt;font-weight: normal;\'>可靠性</span>',0),('2c9a8ef432f26ced0132f27ada9403a9','2c9a8ef432f26ced0132f27ada9403a5','<span style=\'font-family: Arial;font-size: 9pt;font-weight: normal;\'>保密性</span>',1),('2c9a8ef432f26ced0132f27ada9503ac','2c9a8ef432f26ced0132f27ada9403ab','<span style=\'font-family: Arial;font-size: 9pt;font-weight: normal;\'>完整性</span>',0),('2c9a8ef432f26ced0132f27ada9503ad','2c9a8ef432f26ced0132f27ada9403ab','<span style=\'font-family: Arial;font-size: 9pt;font-weight: normal;\'>可用性</span>',1),('2c9a8ef432f26ced0132f27ada9503ae','2c9a8ef432f26ced0132f27ada9403ab','<span style=\'font-family: Arial;font-size: 9pt;font-weight: normal;\'>可靠性</span>',0),('2c9a8ef432f26ced0132f27ada9503af','2c9a8ef432f26ced0132f27ada9403ab','<span style=\'font-family: Arial;font-size: 9pt;font-weight: normal;\'>保密性</span>',0),('2c9a8ef432f26ced0132f27ada9503b2','2c9a8ef432f26ced0132f27ada9503b1','<span style=\'font-family: Arial;font-size: 9pt;font-weight: normal;\'>32922</span>',0),('2c9a8ef432f26ced0132f27ada9503b3','2c9a8ef432f26ced0132f27ada9503b1','<span style=\'font-family: Arial;font-size: 9pt;font-weight: normal;\'>34383</span>',1),('2c9a8ef432f26ced0132f27ada9503b4','2c9a8ef432f26ced0132f27ada9503b1','<span style=\'font-family: Arial;font-size: 9pt;font-weight: normal;\'>36574</span>',0),('2c9a8ef432f26ced0132f27ada9503b5','2c9a8ef432f26ced0132f27ada9503b1','<span style=\'font-family: Arial;font-size: 9pt;font-weight: normal;\'>38035</span>',0),('2c9a8ef432f26ced0132f27ada9503b8','2c9a8ef432f26ced0132f27ada9503b7','<span style=\'font-family: Arial;font-size: 9pt;font-weight: normal;\'>引导型</span>',0),('2c9a8ef432f26ced0132f27ada9503b9','2c9a8ef432f26ced0132f27ada9503b7','<span style=\'font-family: Arial;font-size: 9pt;font-weight: normal;\'>文件型</span>',0),('2c9a8ef432f26ced0132f27ada9503ba','2c9a8ef432f26ced0132f27ada9503b7','<span style=\'font-family: Arial;font-size: 9pt;font-weight: normal;\'>网络蠕虫</span>',1),('2c9a8ef432f26ced0132f27ada9503bb','2c9a8ef432f26ced0132f27ada9503b7','<span style=\'font-family: Arial;font-size: 9pt;font-weight: normal;\'>木马型</span>',0),('2c9a8ef432f26ced0132f27ada9603be','2c9a8ef432f26ced0132f27ada9603bd','<span style=\'font-family: Arial;font-size: 9pt;font-weight: normal;\'>安全性</span>',0),('2c9a8ef432f26ced0132f27ada9603bf','2c9a8ef432f26ced0132f27ada9603bd','<span style=\'font-family: Arial;font-size: 9pt;font-weight: normal;\'>完整性</span>',1),('2c9a8ef432f26ced0132f27ada9603c0','2c9a8ef432f26ced0132f27ada9603bd','<span style=\'font-family: Arial;font-size: 9pt;font-weight: normal;\'>稳定性</span>',0),('2c9a8ef432f26ced0132f27ada9603c1','2c9a8ef432f26ced0132f27ada9603bd','<span style=\'font-family: Arial;font-size: 9pt;font-weight: normal;\'>有效性</span>',0),('2c9a8ef432f26ced0132f27ada9603c4','2c9a8ef432f26ced0132f27ada9603c3','<span style=\'font-family: Arial;font-size: 9pt;font-weight: normal;\'>唯一的口令</span>',1),('2c9a8ef432f26ced0132f27ada9603c5','2c9a8ef432f26ced0132f27ada9603c3','<span style=\'font-family: Arial;font-size: 9pt;font-weight: normal;\'>登录的位置</span>',0),('2c9a8ef432f26ced0132f27ada9603c6','2c9a8ef432f26ced0132f27ada9603c3','<span style=\'font-family: Arial;font-size: 9pt;font-weight: normal;\'>使用的说明</span>',0),('2c9a8ef432f26ced0132f27ada9603c7','2c9a8ef432f26ced0132f27ada9603c3','<span style=\'font-family: Arial;font-size: 9pt;font-weight: normal;\'>系统的规则</span>',0),('2c9a8ef432f26ced0132f27ada9703ca','2c9a8ef432f26ced0132f27ada9603c9','<span style=\'font-family: Arial;font-size: 9pt;font-weight: normal;\'>配置VPN网关防火墙的一种方法是把它们并行放置，两者独立</span>',0),('2c9a8ef432f26ced0132f27ada9703cb','2c9a8ef432f26ced0132f27ada9603c9','<span style=\'font-family: Arial;font-size: 9pt;font-weight: normal;\'>配置VPN网关防火墙的一种方法是把它们串行放置，防火墙在广域网一侧，VPN在局域网一侧</span>',1),('2c9a8ef432f26ced0132f27ada9803cc','2c9a8ef432f26ced0132f27ada9603c9','<span style=\'font-family: Arial;font-size: 9pt;font-weight: normal;\'>配置VPN网关防火墙的一种方法是把它们串行放置，防火墙在局域网一侧，VPN在广域网一侧</span>',0),('2c9a8ef432f26ced0132f27ada9803cd','2c9a8ef432f26ced0132f27ada9603c9','<span style=\'font-family: Arial;font-size: 9pt;font-weight: normal;\'>配置VPN网关防火墙的一种方法是把它们并行放置，两者要互相依赖</span>',0),('2c9a8ef432f26ced0132f27ada9803d0','2c9a8ef432f26ced0132f27ada9803cf','<span style=\'font-family: Arial;font-size: 9pt;font-weight: normal;\'>详细而具体</span>',0),('2c9a8ef432f26ced0132f27ada9803d1','2c9a8ef432f26ced0132f27ada9803cf','<span style=\'font-family: Arial;font-size: 9pt;font-weight: normal;\'>复杂而专业</span>',0),('2c9a8ef432f26ced0132f27ada9803d2','2c9a8ef432f26ced0132f27ada9803cf','<span style=\'font-family: Arial;font-size: 9pt;font-weight: normal;\'>深入而清晰</span>',0),('2c9a8ef432f26ced0132f27ada9803d3','2c9a8ef432f26ced0132f27ada9803cf','<span style=\'font-family: Arial;font-size: 9pt;font-weight: normal;\'>简单而全面</span>',1),('2c9a8ef432f26ced0132f27ada9803d6','2c9a8ef432f26ced0132f27ada9803d5','<span style=\'font-family: Arial;font-size: 9pt;font-weight: normal;\'>计算机</span>',0),('2c9a8ef432f26ced0132f27ada9803d7','2c9a8ef432f26ced0132f27ada9803d5','<span style=\'font-family: Arial;font-size: 9pt;font-weight: normal;\'>计算机软件系统</span>',0),('2c9a8ef432f26ced0132f27ada9803d8','2c9a8ef432f26ced0132f27ada9803d5','<span style=\'font-family: Arial;font-size: 9pt;font-weight: normal;\'>计算机信息系统</span>',1),('2c9a8ef432f26ced0132f27ada9803d9','2c9a8ef432f26ced0132f27ada9803d5','<span style=\'font-family: Arial;font-size: 9pt;font-weight: normal;\'>计算机操作人员</span>',0),('2c9a8ef432f26ced0132f27ada9903dc','2c9a8ef432f26ced0132f27ada9903db','<span style=\'font-family: Arial;font-size: 9pt;font-weight: normal;\'>许可证制度</span>',1),('2c9a8ef432f26ced0132f27ada9903dd','2c9a8ef432f26ced0132f27ada9903db','<span style=\'font-family: Arial;font-size: 9pt;font-weight: normal;\'>3C认证</span>',0),('2c9a8ef432f26ced0132f27ada9903de','2c9a8ef432f26ced0132f27ada9903db','<span style=\'font-family: Arial;font-size: 9pt;font-weight: normal;\'>IS09000认证</span>',0),('2c9a8ef432f26ced0132f27ada9903df','2c9a8ef432f26ced0132f27ada9903db','<span style=\'font-family: Arial;font-size: 9pt;font-weight: normal;\'>专卖制度</span>',0),('2c9a8ef432f26ced0132f27ada9903e2','2c9a8ef432f26ced0132f27ada9903e1','<span style=\'font-family: Arial;font-size: 9pt;font-weight: normal;\'>可以接纳未成年人进入营业场所</span>',0),('2c9a8ef432f26ced0132f27ada9903e3','2c9a8ef432f26ced0132f27ada9903e1','<span style=\'font-family: Arial;font-size: 9pt;font-weight: normal;\'>可以在成年人陪同下，接纳未成年人进入营业场所</span>',0),('2c9a8ef432f26ced0132f27ada9903e4','2c9a8ef432f26ced0132f27ada9903e1','<span style=\'font-family: Arial;font-size: 9pt;font-weight: normal;\'>不得接纳未成年人进入营业场所</span>',1),('2c9a8ef432f26ced0132f27ada9903e5','2c9a8ef432f26ced0132f27ada9903e1','<span style=\'font-family: Arial;font-size: 9pt;font-weight: normal;\'>可以在白天接纳未成年人进入营业场所</span>',0),('2c9a8ef432f26ced0132f27ada9a03e8','2c9a8ef432f26ced0132f27ada9a03e7','<span style=\'font-family: Arial;font-size: 9pt;font-weight: normal;\'>SET</span>',0),('2c9a8ef432f26ced0132f27ada9a03e9','2c9a8ef432f26ced0132f27ada9a03e7','<span style=\'font-family: Arial;font-size: 9pt;font-weight: normal;\'>DDN</span>',0),('2c9a8ef432f26ced0132f27ada9a03ea','2c9a8ef432f26ced0132f27ada9a03e7','<span style=\'font-family: Arial;font-size: 9pt;font-weight: normal;\'>VPN</span>',1),('2c9a8ef432f26ced0132f27ada9a03eb','2c9a8ef432f26ced0132f27ada9a03e7','<span style=\'font-family: Arial;font-size: 9pt;font-weight: normal;\'>PKIX</span>',0),('2c9a8ef432f26ced0132f27ada9a03ee','2c9a8ef432f26ced0132f27ada9a03ed','<span style=\'font-family: Arial;font-size: 9pt;font-weight: normal;\'>国家安全机关申报</span>',0),('2c9a8ef432f26ced0132f27ada9a03ef','2c9a8ef432f26ced0132f27ada9a03ed','<span style=\'font-family: Arial;font-size: 9pt;font-weight: normal;\'>海关申报</span>',1),('2c9a8ef432f26ced0132f27ada9a03f0','2c9a8ef432f26ced0132f27ada9a03ed','<span style=\'font-family: Arial;font-size: 9pt;font-weight: normal;\'>国家质量检验监督局申报</span>',0),('2c9a8ef432f26ced0132f27ada9a03f1','2c9a8ef432f26ced0132f27ada9a03ed','<span style=\'font-family: Arial;font-size: 9pt;font-weight: normal;\'>公安机关申报</span>',0),('2c9a8ef432f26ced0132f27ada9a03f4','2c9a8ef432f26ced0132f27ada9a03f3','<span style=\'font-family: Arial;font-size: 9pt;font-weight: normal;\'><span>5000</span><span style=\'font-family: 宋体;\'>元以下</span><span>&amp;nbsp;15000</span><span style=\'font-family: 宋体;\'>元以下</span></span>',1),('2c9a8ef432f26ced0132f27ada9a03f5','2c9a8ef432f26ced0132f27ada9a03f3','<span style=\'font-family: Arial;font-size: 9pt;font-weight: normal;\'>5000元&amp;nbsp;15000元</span>',0),('2c9a8ef432f26ced0132f27ada9a03f6','2c9a8ef432f26ced0132f27ada9a03f3','<span style=\'font-family: Arial;font-size: 9pt;font-weight: normal;\'>2000元以下&amp;nbsp;10000元以下</span>',0),('2c9a8ef432f26ced0132f27ada9a03f7','2c9a8ef432f26ced0132f27ada9a03f3','<span style=\'font-family: Arial;font-size: 9pt;font-weight: normal;\'>2000元&amp;nbsp;10000元</span>',0),('2c9a8ef432f26ced0132f27ada9b03fa','2c9a8ef432f26ced0132f27ada9a03f9','<span style=\'font-family: Arial;font-size: 9pt;font-weight: normal;\'>计算机操作计算机信息系统</span>',1),('2c9a8ef432f26ced0132f27ada9b03fb','2c9a8ef432f26ced0132f27ada9a03f9','<span style=\'font-family: Arial;font-size: 9pt;font-weight: normal;\'>数据库操作&amp;nbsp;计算机信息系统</span>',0),('2c9a8ef432f26ced0132f27ada9b03fc','2c9a8ef432f26ced0132f27ada9a03f9','<span style=\'font-family: Arial;font-size: 9pt;font-weight: normal;\'>计算机操作&amp;nbsp;应用信息系统</span>',0),('2c9a8ef432f26ced0132f27ada9b03fd','2c9a8ef432f26ced0132f27ada9a03f9','<span style=\'font-family: Arial;font-size: 9pt;font-weight: normal;\'>数据库操作&amp;nbsp;管理信息系统</span>',0),('2c9a8ef432f26ced0132f27ada9b0400','2c9a8ef432f26ced0132f27ada9b03ff','<span style=\'font-family: Arial;font-size: 9pt;font-weight: normal;\'>管理支持</span>',0),('2c9a8ef432f26ced0132f27ada9b0401','2c9a8ef432f26ced0132f27ada9b03ff','<span style=\'font-family: Arial;font-size: 9pt;font-weight: normal;\'>实施计划</span>',1),('2c9a8ef432f26ced0132f27ada9b0402','2c9a8ef432f26ced0132f27ada9b03ff','<span style=\'font-family: Arial;font-size: 9pt;font-weight: normal;\'>补充内容</span>',0),('2c9a8ef432f26ced0132f27ada9b0403','2c9a8ef432f26ced0132f27ada9b03ff','<span style=\'font-family: Arial;font-size: 9pt;font-weight: normal;\'>技术细节</span>',0),('2c9a8ef432f26ced0132f27ada9b0406','2c9a8ef432f26ced0132f27ada9b0405','<span style=\'font-family: Arial;font-size: 9pt;font-weight: normal;\'>恢复整个系统</span>',1),('2c9a8ef432f26ced0132f27ada9b0407','2c9a8ef432f26ced0132f27ada9b0405','<span style=\'font-family: Arial;font-size: 9pt;font-weight: normal;\'>恢复所有数据</span>',0),('2c9a8ef432f26ced0132f27ada9b0408','2c9a8ef432f26ced0132f27ada9b0405','<span style=\'font-family: Arial;font-size: 9pt;font-weight: normal;\'>恢复全部程序</span>',0),('2c9a8ef432f26ced0132f27ada9b0409','2c9a8ef432f26ced0132f27ada9b0405','<span style=\'font-family: Arial;font-size: 9pt;font-weight: normal;\'>恢复网络设置</span>',0),('2c9a8ef432f26ced0132f27ada9b040c','2c9a8ef432f26ced0132f27ada9b040b','<span style=\'font-family: Arial;font-size: 9pt;font-weight: normal;\'>安全技术</span>',0),('2c9a8ef432f26ced0132f27ada9b040d','2c9a8ef432f26ced0132f27ada9b040b','<span style=\'font-family: Arial;font-size: 9pt;font-weight: normal;\'>安全设置</span>',0),('2c9a8ef432f26ced0132f27ada9b040e','2c9a8ef432f26ced0132f27ada9b040b','<span style=\'font-family: Arial;font-size: 9pt;font-weight: normal;\'>局部安全策略</span>',0),('2c9a8ef432f26ced0132f27ada9c040f','2c9a8ef432f26ced0132f27ada9b040b','<span style=\'font-family: Arial;font-size: 9pt;font-weight: normal;\'>全局安全策略</span>',1),('2c9a8ef432f26ced0132f27ada9e0412','2c9a8ef432f26ced0132f27ada9c0411','<span style=\'font-family: Arial;font-size: 9pt;font-weight: normal;\'>明确性</span>',1),('2c9a8ef432f26ced0132f27ada9e0413','2c9a8ef432f26ced0132f27ada9c0411','<span style=\'font-family: Arial;font-size: 9pt;font-weight: normal;\'>细致性</span>',0),('2c9a8ef432f26ced0132f27ada9e0414','2c9a8ef432f26ced0132f27ada9c0411','<span style=\'font-family: Arial;font-size: 9pt;font-weight: normal;\'>标准性</span>',0),('2c9a8ef432f26ced0132f27ada9e0415','2c9a8ef432f26ced0132f27ada9c0411','<span style=\'font-family: Arial;font-size: 9pt;font-weight: normal;\'>开放性</span>',0),('2c9a8ef432f26ced0132f27ada9e0418','2c9a8ef432f26ced0132f27ada9e0417','<span style=\'font-family: Arial;font-size: 9pt;font-weight: normal;\'>安全教育</span>',0),('2c9a8ef432f26ced0132f27ada9e0419','2c9a8ef432f26ced0132f27ada9e0417','<span style=\'font-family: Arial;font-size: 9pt;font-weight: normal;\'>安全措施</span>',0),('2c9a8ef432f26ced0132f27ada9e041a','2c9a8ef432f26ced0132f27ada9e0417','<span style=\'font-family: Arial;font-size: 9pt;font-weight: normal;\'>安全管理</span>',1),('2c9a8ef432f26ced0132f27ada9f041b','2c9a8ef432f26ced0132f27ada9e0417','<span style=\'font-family: Arial;font-size: 9pt;font-weight: normal;\'>安全设施</span>',0),('2c9a8ef432f26ced0132f27adaa0041e','2c9a8ef432f26ced0132f27ada9f041d','<span style=\'font-family: Arial;font-size: 9pt;font-weight: normal;\'>计算机病毒</span>',1),('2c9a8ef432f26ced0132f27adaa0041f','2c9a8ef432f26ced0132f27ada9f041d','<span style=\'font-family: Arial;font-size: 9pt;font-weight: normal;\'>计算机系统</span>',0),('2c9a8ef432f26ced0132f27adaa00420','2c9a8ef432f26ced0132f27ada9f041d','<span style=\'font-family: Arial;font-size: 9pt;font-weight: normal;\'>计算机游戏</span>',0),('2c9a8ef432f26ced0132f27adaa00421','2c9a8ef432f26ced0132f27ada9f041d','<span style=\'font-family: Arial;font-size: 9pt;font-weight: normal;\'>计算机程序</span>',0),('2c9a8ef432f26ced0132f27adaa00424','2c9a8ef432f26ced0132f27adaa00423','<span style=\'font-family: Arial;font-size: 9pt;font-weight: normal;\'>X.500</span>',0),('2c9a8ef432f26ced0132f27adaa00425','2c9a8ef432f26ced0132f27adaa00423','<span style=\'font-family: Arial;font-size: 9pt;font-weight: normal;\'>X.509</span>',1),('2c9a8ef432f26ced0132f27adaa00426','2c9a8ef432f26ced0132f27adaa00423','<span style=\'font-family: Arial;font-size: 9pt;font-weight: normal;\'>X.519</span>',0),('2c9a8ef432f26ced0132f27adaa00427','2c9a8ef432f26ced0132f27adaa00423','<span style=\'font-family: Arial;font-size: 9pt;font-weight: normal;\'>X.505</span>',0),('2c9a8ef432f26ced0132f27adaa1042a','2c9a8ef432f26ced0132f27adaa00429','<span style=\'font-family: Arial;font-size: 9pt;font-weight: normal;\'>SSL</span>',0),('2c9a8ef432f26ced0132f27adaa1042b','2c9a8ef432f26ced0132f27adaa00429','<span style=\'font-family: Arial;font-size: 9pt;font-weight: normal;\'>IARA</span>',0),('2c9a8ef432f26ced0132f27adaa1042c','2c9a8ef432f26ced0132f27adaa00429','<span style=\'font-family: Arial;font-size: 9pt;font-weight: normal;\'>RA</span>',0),('2c9a8ef432f26ced0132f27adaa1042d','2c9a8ef432f26ced0132f27adaa00429','<span style=\'font-family: Arial;font-size: 9pt;font-weight: normal;\'>数字证书</span>',1),('2c9a8ef432f26ced0132f27adaa10430','2c9a8ef432f26ced0132f27adaa1042f','<span style=\'font-family: Arial;font-size: 9pt;font-weight: normal;\'>数据传输泄密</span>',1),('2c9a8ef432f26ced0132f27adaa10431','2c9a8ef432f26ced0132f27adaa1042f','<span style=\'font-family: Arial;font-size: 9pt;font-weight: normal;\'>数据传输丢失</span>',0),('2c9a8ef432f26ced0132f27adaa10432','2c9a8ef432f26ced0132f27adaa1042f','<span style=\'font-family: Arial;font-size: 9pt;font-weight: normal;\'>数据交换失败</span>',0),('2c9a8ef432f26ced0132f27adaa10433','2c9a8ef432f26ced0132f27adaa1042f','<span style=\'font-family: Arial;font-size: 9pt;font-weight: normal;\'>数据备份失败</span>',0),('2c9a8ef432f26ced0132f27adaa10436','2c9a8ef432f26ced0132f27adaa10435','<span style=\'font-family: Arial;font-size: 9pt;font-weight: normal;\'>加强管理</span>',0),('2c9a8ef432f26ced0132f27adaa10437','2c9a8ef432f26ced0132f27adaa10435','<span style=\'font-family: Arial;font-size: 9pt;font-weight: normal;\'>身份认证</span>',0),('2c9a8ef432f26ced0132f27adaa10438','2c9a8ef432f26ced0132f27adaa10435','<span style=\'font-family: Arial;font-size: 9pt;font-weight: normal;\'>访问控制</span>',1),('2c9a8ef432f26ced0132f27adaa10439','2c9a8ef432f26ced0132f27adaa10435','<span style=\'font-family: Arial;font-size: 9pt;font-weight: normal;\'>访问分配权限</span>',0),('2c9a8ef432f26ced0132f27adaa1043c','2c9a8ef432f26ced0132f27adaa1043b','<span style=\'font-family: Arial;font-size: 9pt;font-weight: normal;\'>系统软件</span>',0),('2c9a8ef432f26ced0132f27adaa1043d','2c9a8ef432f26ced0132f27adaa1043b','<span style=\'font-family: Arial;font-size: 9pt;font-weight: normal;\'>备份软件</span>',1),('2c9a8ef432f26ced0132f27adaa1043e','2c9a8ef432f26ced0132f27adaa1043b','<span style=\'font-family: Arial;font-size: 9pt;font-weight: normal;\'>数据库软件</span>',0),('2c9a8ef432f26ced0132f27adaa1043f','2c9a8ef432f26ced0132f27adaa1043b','<span style=\'font-family: Arial;font-size: 9pt;font-weight: normal;\'>网络软件</span>',0),('2c9a8ef432f26ced0132f27adaa20442','2c9a8ef432f26ced0132f27adaa10441','<span style=\'font-family: Arial;font-size: 9pt;font-weight: normal;\'>高级管理层</span>',0),('2c9a8ef432f26ced0132f27adaa20443','2c9a8ef432f26ced0132f27adaa10441','<span style=\'font-family: Arial;font-size: 9pt;font-weight: normal;\'>部门经理</span>',0),('2c9a8ef432f26ced0132f27adaa20444','2c9a8ef432f26ced0132f27adaa10441','<span style=\'font-family: Arial;font-size: 9pt;font-weight: normal;\'>系统管理员</span>',0),('2c9a8ef432f26ced0132f27adaa20445','2c9a8ef432f26ced0132f27adaa10441','<span style=\'font-family: Arial;font-size: 9pt;font-weight: normal;\'>所有计算机用户</span>',1),('2c9a8ef432f26ced0132f27adaa20448','2c9a8ef432f26ced0132f27adaa20447','<span style=\'font-family: Arial;font-size: 9pt;font-weight: normal;\'>技术体系</span>',0),('2c9a8ef432f26ced0132f27adaa20449','2c9a8ef432f26ced0132f27adaa20447','<span style=\'font-family: Arial;font-size: 9pt;font-weight: normal;\'>安全策略</span>',1),('2c9a8ef432f26ced0132f27adaa2044a','2c9a8ef432f26ced0132f27adaa20447','<span style=\'font-family: Arial;font-size: 9pt;font-weight: normal;\'>管理体系</span>',0),('2c9a8ef432f26ced0132f27adaa2044b','2c9a8ef432f26ced0132f27adaa20447','<span style=\'font-family: Arial;font-size: 9pt;font-weight: normal;\'>教育与培训</span>',0),('2c9a8ef432f26ced0132f27adaa2044e','2c9a8ef432f26ced0132f27adaa2044d','<span style=\'font-family: Arial;font-size: 9pt;font-weight: normal;\'>7</span>',0),('2c9a8ef432f26ced0132f27adaa3044f','2c9a8ef432f26ced0132f27adaa2044d','<span style=\'font-family: Arial;font-size: 9pt;font-weight: normal;\'>6</span>',0),('2c9a8ef432f26ced0132f27adaa30450','2c9a8ef432f26ced0132f27adaa2044d','<span style=\'font-family: Arial;font-size: 9pt;font-weight: normal;\'>9</span>',1),('2c9a8ef432f26ced0132f27adaa30451','2c9a8ef432f26ced0132f27adaa2044d','<span style=\'font-family: Arial;font-size: 9pt;font-weight: normal;\'>10</span>',0),('2c9a8ef432f26ced0132f27adaa30454','2c9a8ef432f26ced0132f27adaa30453','<span style=\'font-family: Arial;font-size: 9pt;font-weight: normal;\'>英国</span>',0),('2c9a8ef432f26ced0132f27adaa30455','2c9a8ef432f26ced0132f27adaa30453','<span style=\'font-family: Arial;font-size: 9pt;font-weight: normal;\'>法国</span>',0),('2c9a8ef432f26ced0132f27adaa30456','2c9a8ef432f26ced0132f27adaa30453','<span style=\'font-family: Arial;font-size: 9pt;font-weight: normal;\'>德国</span>',0),('2c9a8ef432f26ced0132f27adaa30457','2c9a8ef432f26ced0132f27adaa30453','<span style=\'font-family: Arial;font-size: 9pt;font-weight: normal;\'>美国</span>',1),('2c9a8ef432f26ced0132f27adaa3045a','2c9a8ef432f26ced0132f27adaa30459','<span style=\'font-family: Arial;font-size: 9pt;font-weight: normal;\'>公安部</span>',1),('2c9a8ef432f26ced0132f27adaa3045b','2c9a8ef432f26ced0132f27adaa30459','<span style=\'font-family: Arial;font-size: 9pt;font-weight: normal;\'>国务院信息办</span>',0),('2c9a8ef432f26ced0132f27adaa3045c','2c9a8ef432f26ced0132f27adaa30459','<span style=\'font-family: Arial;font-size: 9pt;font-weight: normal;\'>信息产业部</span>',0),('2c9a8ef432f26ced0132f27adaa3045d','2c9a8ef432f26ced0132f27adaa30459','<span style=\'font-family: Arial;font-size: 9pt;font-weight: normal;\'>国务院</span>',0),('2c9a8ef432f26ced0132f27adaa40460','2c9a8ef432f26ced0132f27adaa3045f','<span style=\'font-family: Arial;font-size: 9pt;font-weight: normal;\'>门锁</span>',0),('2c9a8ef432f26ced0132f27adaa40461','2c9a8ef432f26ced0132f27adaa3045f','<span style=\'font-family: Arial;font-size: 9pt;font-weight: normal;\'>警卫</span>',0),('2c9a8ef432f26ced0132f27adaa40462','2c9a8ef432f26ced0132f27adaa3045f','<span style=\'font-family: Arial;font-size: 9pt;font-weight: normal;\'>口令</span>',1),('2c9a8ef432f26ced0132f27adaa40463','2c9a8ef432f26ced0132f27adaa3045f','<span style=\'font-family: Arial;font-size: 9pt;font-weight: normal;\'>围墙</span>',0),('2c9a8ef432f26ced0132f27adaa40466','2c9a8ef432f26ced0132f27adaa40465','<span style=\'font-family: Arial;font-size: 9pt;font-weight: normal;\'>可用性</span>',1),('2c9a8ef432f26ced0132f27adaa40467','2c9a8ef432f26ced0132f27adaa40465','<span style=\'font-family: Arial;font-size: 9pt;font-weight: normal;\'>真实性</span>',0),('2c9a8ef432f26ced0132f27adaa40468','2c9a8ef432f26ced0132f27adaa40465','<span style=\'font-family: Arial;font-size: 9pt;font-weight: normal;\'>完整性</span>',0),('2c9a8ef432f26ced0132f27adaa40469','2c9a8ef432f26ced0132f27adaa40465','<span style=\'font-family: Arial;font-size: 9pt;font-weight: normal;\'>保密性</span>',0),('2c9a8ef432f26ced0132f27adaa4046c','2c9a8ef432f26ced0132f27adaa4046b','<span style=\'font-family: Arial;font-size: 9pt;font-weight: normal;\'>Visual&amp;nbsp;Private&amp;nbsp;Network</span>',0),('2c9a8ef432f26ced0132f27adaa4046d','2c9a8ef432f26ced0132f27adaa4046b','<span style=\'font-family: Arial;font-size: 9pt;font-weight: normal;\'>Virtual&amp;nbsp;Private&amp;nbsp;NetWork</span>',1),('2c9a8ef432f26ced0132f27adaa4046e','2c9a8ef432f26ced0132f27adaa4046b','<span style=\'font-family: Arial;font-size: 9pt;font-weight: normal;\'>Virtual&amp;nbsp;Public&amp;nbsp;Network</span>',0),('2c9a8ef432f26ced0132f27adaa4046f','2c9a8ef432f26ced0132f27adaa4046b','<span style=\'font-family: Arial;font-size: 9pt;font-weight: normal;\'>Visual&amp;nbsp;Public&amp;nbsp;Network</span>',0),('2c9a8ef432f26ced0132f27adaa40472','2c9a8ef432f26ced0132f27adaa40471','<span style=\'font-family: Arial;font-size: 9pt;font-weight: normal;\'>完整性</span>',0),('2c9a8ef432f26ced0132f27adaa40473','2c9a8ef432f26ced0132f27adaa40471','<span style=\'font-family: Arial;font-size: 9pt;font-weight: normal;\'>真实性</span>',0),('2c9a8ef432f26ced0132f27adaa40474','2c9a8ef432f26ced0132f27adaa40471','<span style=\'font-family: Arial;font-size: 9pt;font-weight: normal;\'>可用性</span>',1),('2c9a8ef432f26ced0132f27adaa40475','2c9a8ef432f26ced0132f27adaa40471','<span style=\'font-family: Arial;font-size: 9pt;font-weight: normal;\'>保密性</span>',0),('2c9a8ef432f26ced0132f27adaa50478','2c9a8ef432f26ced0132f27adaa50477','<span style=\'font-family: Arial;font-size: 9pt;font-weight: normal;\'>RSA</span>',1),('2c9a8ef432f26ced0132f27adaa50479','2c9a8ef432f26ced0132f27adaa50477','<span style=\'font-family: Arial;font-size: 9pt;font-weight: normal;\'>DSA</span>',0),('2c9a8ef432f26ced0132f27adaa5047a','2c9a8ef432f26ced0132f27adaa50477','<span style=\'font-family: Arial;font-size: 9pt;font-weight: normal;\'>椭圆曲线</span>',0),('2c9a8ef432f26ced0132f27adaa5047b','2c9a8ef432f26ced0132f27adaa50477','<span style=\'font-family: Arial;font-size: 9pt;font-weight: normal;\'>量子密码</span>',0),('2c9a8ef432f26ced0132f27adaa5047e','2c9a8ef432f26ced0132f27adaa5047d','<span style=\'font-family: Arial;font-size: 9pt;font-weight: normal;\'>对称密码算法</span>',0),('2c9a8ef432f26ced0132f27adaa5047f','2c9a8ef432f26ced0132f27adaa5047d','<span style=\'font-family: Arial;font-size: 9pt;font-weight: normal;\'>公钥密码算法</span>',1),('2c9a8ef432f26ced0132f27adaa50480','2c9a8ef432f26ced0132f27adaa5047d','<span style=\'font-family: Arial;font-size: 9pt;font-weight: normal;\'>量子密码</span>',0),('2c9a8ef432f26ced0132f27adaa50481','2c9a8ef432f26ced0132f27adaa5047d','<span style=\'font-family: Arial;font-size: 9pt;font-weight: normal;\'>摘要算法</span>',0),('2c9a8ef432f26ced0132f27adaa50484','2c9a8ef432f26ced0132f27adaa50483','<span style=\'font-family: Arial;font-size: 9pt;font-weight: normal;\'>注册中心RA</span>',0),('2c9a8ef432f26ced0132f27adaa50485','2c9a8ef432f26ced0132f27adaa50483','<span style=\'font-family: Arial;font-size: 9pt;font-weight: normal;\'>证书中心CA</span>',1),('2c9a8ef432f26ced0132f27adaa50486','2c9a8ef432f26ced0132f27adaa50483','<span style=\'font-family: Arial;font-size: 9pt;font-weight: normal;\'>目录服务器</span>',0),('2c9a8ef432f26ced0132f27adaa50487','2c9a8ef432f26ced0132f27adaa50483','<span style=\'font-family: Arial;font-size: 9pt;font-weight: normal;\'>证书作废列表</span>',0),('2c9a8ef432f26ced0132f27adaa5048a','2c9a8ef432f26ced0132f27adaa50489','<span style=\'font-family: Arial;font-size: 9pt;font-weight: normal;\'>整体安全水平由安全级别最低的部分所决定</span>',1),('2c9a8ef432f26ced0132f27adaa5048b','2c9a8ef432f26ced0132f27adaa50489','<span style=\'font-family: Arial;font-size: 9pt;font-weight: normal;\'>整体安全水平由安全级别最高的部分所决定</span>',0),('2c9a8ef432f26ced0132f27adaa6048c','2c9a8ef432f26ced0132f27adaa50489','<span style=\'font-family: Arial;font-size: 9pt;font-weight: normal;\'>整体安全水平由各组成部分的安全级别平均值所决定</span>',0),('2c9a8ef432f26ced0132f27adaa6048d','2c9a8ef432f26ced0132f27adaa50489','<span style=\'font-family: Arial;font-size: 9pt;font-weight: normal;\'>以上都不对</span>',0),('2c9a8ef432f26ced0132f27adaa60490','2c9a8ef432f26ced0132f27adaa6048f','<span style=\'font-family: Arial;font-size: 9pt;font-weight: normal;\'>包括技术和管理两个主要方面</span>',0),('2c9a8ef432f26ced0132f27adaa60491','2c9a8ef432f26ced0132f27adaa6048f','<span style=\'font-family: Arial;font-size: 9pt;font-weight: normal;\'>策略是信息安全的基础</span>',0),('2c9a8ef432f26ced0132f27adaa60492','2c9a8ef432f26ced0132f27adaa6048f','<span style=\'font-family: Arial;font-size: 9pt;font-weight: normal;\'>采取充分措施，可以实现绝对安全</span>',1),('2c9a8ef432f26ced0132f27adaa60493','2c9a8ef432f26ced0132f27adaa6048f','<span style=\'font-family: Arial;font-size: 9pt;font-weight: normal;\'>保密性、完整性和可用性是信息安全的目标</span>',0),('2c9a8ef432f26ced0132f27adaa60496','2c9a8ef432f26ced0132f27adaa60495','<span style=\'font-family: 宋体;font-size: 9pt;font-weight: normal;\'><span>保护</span><span style=\'font-family: Arial;\'>&amp;nbsp;</span><span>检测</span><span style=\'font-family: Arial;\'>&amp;nbsp;</span><span>响应</span></span>',1),('2c9a8ef432f26ced0132f27adaa60497','2c9a8ef432f26ced0132f27adaa60495','<span style=\'font-family: Arial;font-size: 9pt;font-weight: normal;\'>策略&amp;nbsp;检测&amp;nbsp;响应</span>',0),('2c9a8ef432f26ced0132f27adaa60498','2c9a8ef432f26ced0132f27adaa60495','<span style=\'font-family: Arial;font-size: 9pt;font-weight: normal;\'>策略&amp;nbsp;检测&amp;nbsp;恢复</span>',0),('2c9a8ef432f26ced0132f27adaa60499','2c9a8ef432f26ced0132f27adaa60495','<span style=\'font-family: Arial;font-size: 9pt;font-weight: normal;\'>保护&amp;nbsp;检测&amp;nbsp;恢复</span>',0),('2c9a8ef432f26ced0132f27adaa6049c','2c9a8ef432f26ced0132f27adaa6049b','<span style=\'font-family: Arial;font-size: 9pt;font-weight: normal;\'>刑事责任</span>',0),('2c9a8ef432f26ced0132f27adaa6049d','2c9a8ef432f26ced0132f27adaa6049b','<span style=\'font-family: Arial;font-size: 9pt;font-weight: normal;\'>民事责任</span>',1),('2c9a8ef432f26ced0132f27adaa6049e','2c9a8ef432f26ced0132f27adaa6049b','<span style=\'font-family: Arial;font-size: 9pt;font-weight: normal;\'>违约责任</span>',0),('2c9a8ef432f26ced0132f27adaa6049f','2c9a8ef432f26ced0132f27adaa6049b','<span style=\'font-family: Arial;font-size: 9pt;font-weight: normal;\'>其他责任</span>',0),('2c9a8ef432f26ced0132f27adaa604a2','2c9a8ef432f26ced0132f27adaa604a1','<span style=\'font-family: Arial;font-size: 9pt;font-weight: normal;\'>内容监控</span>',0),('2c9a8ef432f26ced0132f27adaa604a3','2c9a8ef432f26ced0132f27adaa604a1','<span style=\'font-family: Arial;font-size: 9pt;font-weight: normal;\'>责任追查和惩处</span>',0),('2c9a8ef432f26ced0132f27adaa704a4','2c9a8ef432f26ced0132f27adaa604a1','<span style=\'font-family: Arial;font-size: 9pt;font-weight: normal;\'>安全教育和培训</span>',1),('2c9a8ef432f26ced0132f27adaa704a5','2c9a8ef432f26ced0132f27adaa604a1','<span style=\'font-family: Arial;font-size: 9pt;font-weight: normal;\'>访问控制</span>',0),('2c9a8ef432f26ced0132f27adaa704a8','2c9a8ef432f26ced0132f27adaa704a7','<span style=\'font-family: Arial;font-size: 9pt;font-weight: normal;\'>信息安全等同于网络安全</span>',0),('2c9a8ef432f26ced0132f27adaa704a9','2c9a8ef432f26ced0132f27adaa704a7','<span style=\'font-family: Arial;font-size: 9pt;font-weight: normal;\'>信息安全由技术措施实现</span>',0),('2c9a8ef432f26ced0132f27adaa704aa','2c9a8ef432f26ced0132f27adaa704a7','<span style=\'font-family: Arial;font-size: 9pt;font-weight: normal;\'>信息安全应当技术与管理并重</span>',1),('2c9a8ef432f26ced0132f27adaa704ab','2c9a8ef432f26ced0132f27adaa704a7','<span style=\'font-family: Arial;font-size: 9pt;font-weight: normal;\'>管理措施在信息安全中不重要</span>',0),('2c9a8ef432f26ced0132f27adaa704ae','2c9a8ef432f26ced0132f27adaa704ad','<span style=\'font-family: Arial;font-size: 9pt;font-weight: normal;\'>保护</span>',0),('2c9a8ef432f26ced0132f27adaa704af','2c9a8ef432f26ced0132f27adaa704ad','<span style=\'font-family: Arial;font-size: 9pt;font-weight: normal;\'>恢复</span>',1),('2c9a8ef432f26ced0132f27adaa704b0','2c9a8ef432f26ced0132f27adaa704ad','<span style=\'font-family: Arial;font-size: 9pt;font-weight: normal;\'>响应</span>',0),('2c9a8ef432f26ced0132f27adaa704b1','2c9a8ef432f26ced0132f27adaa704ad','<span style=\'font-family: Arial;font-size: 9pt;font-weight: normal;\'>检测</span>',0),('2c9a8ef432f26ced0132f27adaa704b4','2c9a8ef432f26ced0132f27adaa704b3','<span style=\'font-family: Arial;font-size: 9pt;font-weight: normal;\'>操作指南文档</span>',0),('2c9a8ef432f26ced0132f27adaa704b5','2c9a8ef432f26ced0132f27adaa704b3','<span style=\'font-family: Arial;font-size: 9pt;font-weight: normal;\'>计算机控制台</span>',0),('2c9a8ef432f26ced0132f27adaa704b6','2c9a8ef432f26ced0132f27adaa704b3','<span style=\'font-family: Arial;font-size: 9pt;font-weight: normal;\'>应用程序源代码</span>',1),('2c9a8ef432f26ced0132f27adaa704b7','2c9a8ef432f26ced0132f27adaa704b3','<span style=\'font-family: Arial;font-size: 9pt;font-weight: normal;\'>安全指南</span>',0);
/*!40000 ALTER TABLE `question_option` ENABLE KEYS */;
UNLOCK TABLES;

--
-- Table structure for table `rel_examgroup_student`
--

DROP TABLE IF EXISTS `rel_examgroup_student`;
/*!40101 SET @saved_cs_client     = @@character_set_client */;
/*!40101 SET character_set_client = utf8 */;
CREATE TABLE `rel_examgroup_student` (
  `id` char(32) NOT NULL,
  `examGroupId` char(32) NOT NULL,
  `studentId` char(32) NOT NULL,
  PRIMARY KEY (`id`),
  UNIQUE KEY `examGroupId` (`examGroupId`,`studentId`),
  KEY `studentId` (`studentId`),
  CONSTRAINT `rel_examgroup_student_ibfk_1` FOREIGN KEY (`examGroupId`) REFERENCES `exam_group` (`id`) ON DELETE CASCADE ON UPDATE CASCADE,
  CONSTRAINT `rel_examgroup_student_ibfk_2` FOREIGN KEY (`studentId`) REFERENCES `student` (`stdId`) ON DELETE CASCADE ON UPDATE CASCADE
) ENGINE=InnoDB DEFAULT CHARSET=utf8;
/*!40101 SET character_set_client = @saved_cs_client */;

--
-- Dumping data for table `rel_examgroup_student`
--

LOCK TABLES `rel_examgroup_student` WRITE;
/*!40000 ALTER TABLE `rel_examgroup_student` DISABLE KEYS */;
INSERT INTO `rel_examgroup_student` VALUES ('2c9a8ef432f26ced0132f27fe6670567','2c9a8ef432a72c410132a73255590079','11'),('2c9a8ef432f26ced0132f27fe66a0568','2c9a8ef432a72c410132a73255590079','12'),('2c9a8ef432f26ced0132f27fe66d0569','2c9a8ef432a72c410132a73255590079','13'),('2c9a8ef432f26ced0132f27fe670056a','2c9a8ef432a72c410132a73255590079','14'),('2c9a8ef432f26ced0132f27fe676056c','2c9a8ef432a72c410132a73255590079','16'),('2c9a8ef432f26ced0132f27fe679056d','2c9a8ef432a72c410132a73255590079','17'),('2c9a8ef432f26ced0132f27fbf0d0519','2c9a8ef432a72c410132a73255590079','200830670110'),('2c9a8ef432f26ced0132f27f9a4804ca','2c9a8ef432a72c410132a73255590079','200830690104'),('2c9a8ef432f26ced0132f27f9a4a04cb','2c9a8ef432a72c410132a73255590079','200830690105'),('2c9a8ef432f26ced0132f27f9a4c04cc','2c9a8ef432a72c410132a73255590079','200830690106'),('2c9a8ef432f26ced0132f27f9a4d04cd','2c9a8ef432a72c410132a73255590079','200830690107'),('2c9a8ef432f26ced0132f27f9a4f04ce','2c9a8ef432a72c410132a73255590079','200830690108'),('2c9a8ef432f26ced0132f27f9a5104cf','2c9a8ef432a72c410132a73255590079','200830690109'),('2c9a8ef432f26ced0132f27f9a5204d0','2c9a8ef432a72c410132a73255590079','200830690111'),('2c9a8ef432f26ced0132f27fbf5a053a','2c9a8ef432a72c410132a73255590079','200830690112'),('2c9a8ef432f26ced0132f27fbf5e053b','2c9a8ef432a72c410132a73255590079','200830690113'),('2c9a8ef432f26ced0132f27fbf61053c','2c9a8ef432a72c410132a73255590079','200830690115'),('2c9a8ef432f26ced0132f27f9a5304d1','2c9a8ef432a72c410132a73255590079','200830690117'),('2c9a8ef432f26ced0132f27f9a5504d2','2c9a8ef432a72c410132a73255590079','200830690119'),('2c9a8ef432f26ced0132f27f9a5604d3','2c9a8ef432a72c410132a73255590079','200830690123'),('2c9a8ef432f26ced0132f27f9a5804d4','2c9a8ef432a72c410132a73255590079','200830690124'),('2c9a8ef432f26ced0132f27f9a5904d5','2c9a8ef432a72c410132a73255590079','200830690125'),('2c9a8ef432f26ced0132f27f9a5b04d6','2c9a8ef432a72c410132a73255590079','200830690126'),('2c9a8ef432f26ced0132f27f9a5c04d7','2c9a8ef432a72c410132a73255590079','200830690128'),('2c9a8ef432f26ced0132f27f9a5e04d8','2c9a8ef432a72c410132a73255590079','200830690201'),('2c9a8ef432f26ced0132f27f9a5f04d9','2c9a8ef432a72c410132a73255590079','200830690203'),('2c9a8ef432f26ced0132f27f9a6104da','2c9a8ef432a72c410132a73255590079','200830690204'),('2c9a8ef432f26ced0132f27f9a6204db','2c9a8ef432a72c410132a73255590079','200830690205'),('2c9a8ef432f26ced0132f27f9a6404dc','2c9a8ef432a72c410132a73255590079','200830690206'),('2c9a8ef432f26ced0132f27f9a6504dd','2c9a8ef432a72c410132a73255590079','200830690207'),('2c9a8ef432f26ced0132f27f9a6704de','2c9a8ef432a72c410132a73255590079','200830690208'),('2c9a8ef432f26ced0132f27f9a6a04df','2c9a8ef432a72c410132a73255590079','200830690209'),('2c9a8ef432f26ced0132f27f9a6c04e0','2c9a8ef432a72c410132a73255590079','200830690210'),('2c9a8ef432f26ced0132f27f9a6d04e1','2c9a8ef432a72c410132a73255590079','200830690212'),('2c9a8ef432f26ced0132f27f9a6f04e2','2c9a8ef432a72c410132a73255590079','200830690213'),('2c9a8ef432f26ced0132f27f9a7004e3','2c9a8ef432a72c410132a73255590079','200830690215'),('2c9a8ef432f26ced0132f27f9a7204e4','2c9a8ef432a72c410132a73255590079','200830690217'),('2c9a8ef432f26ced0132f27f9a7404e5','2c9a8ef432a72c410132a73255590079','200830690219'),('2c9a8ef432f26ced0132f27f9a7504e6','2c9a8ef432a72c410132a73255590079','200830690220'),('2c9a8ef432f26ced0132f27f9a7704e7','2c9a8ef432a72c410132a73255590079','200830690221'),('2c9a8ef432f26ced0132f27f9a7a04e8','2c9a8ef432a72c410132a73255590079','200830690223'),('2c9a8ef432f26ced0132f27f9a7c04e9','2c9a8ef432a72c410132a73255590079','200830690224'),('2c9a8ef432f26ced0132f27f9a7e04ea','2c9a8ef432a72c410132a73255590079','200830690227'),('2c9a8ef432f26ced0132f27f9a8004eb','2c9a8ef432a72c410132a73255590079','200830690228'),('2c9a8ef432f26ced0132f27f9a8204ec','2c9a8ef432a72c410132a73255590079','200830690229'),('2c9a8ef432f26ced0132f27f9a8404ed','2c9a8ef432a72c410132a73255590079','200830690302'),('2c9a8ef432f26ced0132f27f9a8604ee','2c9a8ef432a72c410132a73255590079','200830690305'),('2c9a8ef432f26ced0132f27f9a8804ef','2c9a8ef432a72c410132a73255590079','200830690307'),('2c9a8ef432f26ced0132f27f9a8904f0','2c9a8ef432a72c410132a73255590079','200830690310'),('2c9a8ef432f26ced0132f27f9a8b04f1','2c9a8ef432a72c410132a73255590079','200830690312'),('2c9a8ef432f26ced0132f27f9a8d04f2','2c9a8ef432a72c410132a73255590079','200830690314'),('2c9a8ef432f26ced0132f27fbf64053d','2c9a8ef432a72c410132a73255590079','200830690317'),('2c9a8ef432f26ced0132f27f9a8f04f3','2c9a8ef432a72c410132a73255590079','200830690318'),('2c9a8ef432f26ced0132f27f9a9104f4','2c9a8ef432a72c410132a73255590079','200830690320'),('2c9a8ef432f26ced0132f27f9a9304f5','2c9a8ef432a72c410132a73255590079','200830690322'),('2c9a8ef432f26ced0132f27f9a9504f6','2c9a8ef432a72c410132a73255590079','200830690323'),('2c9a8ef432f26ced0132f27f9a9704f7','2c9a8ef432a72c410132a73255590079','200830690324'),('2c9a8ef432f26ced0132f27f9a9904f8','2c9a8ef432a72c410132a73255590079','200830690329'),('2c9a8ef432f26ced0132f27f9a9b04f9','2c9a8ef432a72c410132a73255590079','200830720109'),('2c9a8ef432f26ced0132f27fbf66053e','2c9a8ef432a72c410132a73255590079','200830720112'),('2c9a8ef432f26ced0132f27fbf69053f','2c9a8ef432a72c410132a73255590079','200830720119'),('2c9a8ef432f26ced0132f27fbf6c0540','2c9a8ef432a72c410132a73255590079','200830720126'),('2c9a8ef432f26ced0132f27fae9e04fc','2c9a8ef432a72c410132a73255590079','200830720202'),('2c9a8ef432f26ced0132f27faea104fd','2c9a8ef432a72c410132a73255590079','200830720207'),('2c9a8ef432f26ced0132f27faea204fe','2c9a8ef432a72c410132a73255590079','200830720212'),('2c9a8ef432f26ced0132f27faea404ff','2c9a8ef432a72c410132a73255590079','200830720215'),('2c9a8ef432f26ced0132f27faea60500','2c9a8ef432a72c410132a73255590079','200830720216'),('2c9a8ef432f26ced0132f27faea80501','2c9a8ef432a72c410132a73255590079','200830720217'),('2c9a8ef432f26ced0132f27faeaa0502','2c9a8ef432a72c410132a73255590079','200830720220'),('2c9a8ef432f26ced0132f27faeac0503','2c9a8ef432a72c410132a73255590079','200830720224'),('2c9a8ef432f26ced0132f27fbf6e0541','2c9a8ef432a72c410132a73255590079','200830720228'),('2c9a8ef432f26ced0132f27faeae0504','2c9a8ef432a72c410132a73255590079','200830720301'),('2c9a8ef432f26ced0132f27fbf710542','2c9a8ef432a72c410132a73255590079','200830720304'),('2c9a8ef432f26ced0132f27fbf730543','2c9a8ef432a72c410132a73255590079','200830720309'),('2c9a8ef432f26ced0132f27faeb00505','2c9a8ef432a72c410132a73255590079','200830720315'),('2c9a8ef432f26ced0132f27fbf760544','2c9a8ef432a72c410132a73255590079','200830720324'),('2c9a8ef432f26ced0132f27faeb20506','2c9a8ef432a72c410132a73255590079','200830720402'),('2c9a8ef432f26ced0132f27f9a9d04fa','2c9a8ef432a72c410132a73255590079','200830720408'),('2c9a8ef432f26ced0132f27faeb40507','2c9a8ef432a72c410132a73255590079','200830720409'),('2c9a8ef432f26ced0132f27fbf790545','2c9a8ef432a72c410132a73255590079','200830720412'),('2c9a8ef432f26ced0132f27faeb60508','2c9a8ef432a72c410132a73255590079','200830720421'),('2c9a8ef432f26ced0132f27fcfba0546','2c9a8ef432a72c410132a73255590079','200830740101'),('2c9a8ef432f26ced0132f27fcfbf0547','2c9a8ef432a72c410132a73255590079','200830740102'),('2c9a8ef432f26ced0132f27f9a3804be','2c9a8ef432a72c410132a73255590079','200830740103'),('2c9a8ef432f26ced0132f27fbee80509','2c9a8ef432a72c410132a73255590079','200830740108'),('2c9a8ef432f26ced0132f27fbeea050a','2c9a8ef432a72c410132a73255590079','200830740111'),('2c9a8ef432f26ced0132f27f9a3a04bf','2c9a8ef432a72c410132a73255590079','200830740112'),('2c9a8ef432f26ced0132f27fcfc20548','2c9a8ef432a72c410132a73255590079','200830740114'),('2c9a8ef432f26ced0132f27f9a3b04c0','2c9a8ef432a72c410132a73255590079','200830740115'),('2c9a8ef432f26ced0132f27fae9b04fb','2c9a8ef432a72c410132a73255590079','200830740117'),('2c9a8ef432f26ced0132f27f9a3c04c1','2c9a8ef432a72c410132a73255590079','200830740120'),('2c9a8ef432f26ced0132f27f9a3e04c2','2c9a8ef432a72c410132a73255590079','200830740122'),('2c9a8ef432f26ced0132f27f9a3f04c3','2c9a8ef432a72c410132a73255590079','200830740124'),('2c9a8ef432f26ced0132f27fcfc50549','2c9a8ef432a72c410132a73255590079','200830740126'),('2c9a8ef432f26ced0132f27fcfc8054a','2c9a8ef432a72c410132a73255590079','200830740127'),('2c9a8ef432f26ced0132f27fcfca054b','2c9a8ef432a72c410132a73255590079','200830740128'),('2c9a8ef432f26ced0132f27fcfcd054c','2c9a8ef432a72c410132a73255590079','200830740129'),('2c9a8ef432f26ced0132f27fcfd1054d','2c9a8ef432a72c410132a73255590079','200830740130'),('2c9a8ef432f26ced0132f27fbeed050b','2c9a8ef432a72c410132a73255590079','200830740131'),('2c9a8ef432f26ced0132f27fbeef050c','2c9a8ef432a72c410132a73255590079','200830740132'),('2c9a8ef432f26ced0132f27fbef1050d','2c9a8ef432a72c410132a73255590079','200830740133'),('2c9a8ef432f26ced0132f27fbef3050e','2c9a8ef432a72c410132a73255590079','200830740201'),('2c9a8ef432f26ced0132f27fcfd4054e','2c9a8ef432a72c410132a73255590079','200830740202'),('2c9a8ef432f26ced0132f27fcfd6054f','2c9a8ef432a72c410132a73255590079','200830740203'),('2c9a8ef432f26ced0132f27fbef5050f','2c9a8ef432a72c410132a73255590079','200830740204'),('2c9a8ef432f26ced0132f27fbef70510','2c9a8ef432a72c410132a73255590079','200830740205'),('2c9a8ef432f26ced0132f27fbef90511','2c9a8ef432a72c410132a73255590079','200830740206'),('2c9a8ef432f26ced0132f27f9a4104c4','2c9a8ef432a72c410132a73255590079','200830740207'),('2c9a8ef432f26ced0132f27f9a4204c5','2c9a8ef432a72c410132a73255590079','200830740208'),('2c9a8ef432f26ced0132f27fbefb0512','2c9a8ef432a72c410132a73255590079','200830740209'),('2c9a8ef432f26ced0132f27fcfd90550','2c9a8ef432a72c410132a73255590079','200830740212'),('2c9a8ef432f26ced0132f27f9a4304c6','2c9a8ef432a72c410132a73255590079','200830740213'),('2c9a8ef432f26ced0132f27fcfdd0551','2c9a8ef432a72c410132a73255590079','200830740217'),('2c9a8ef432f26ced0132f27fbefd0513','2c9a8ef432a72c410132a73255590079','200830740218'),('2c9a8ef432f26ced0132f27fcfe10552','2c9a8ef432a72c410132a73255590079','200830740220'),('2c9a8ef432f26ced0132f27fcfe40553','2c9a8ef432a72c410132a73255590079','200830740223'),('2c9a8ef432f26ced0132f27f9a4404c7','2c9a8ef432a72c410132a73255590079','200830740226'),('2c9a8ef432f26ced0132f27f9a4504c8','2c9a8ef432a72c410132a73255590079','200830740227'),('2c9a8ef432f26ced0132f27fbf030515','2c9a8ef432a72c410132a73255590079','200830740228'),('2c9a8ef432f26ced0132f27fbf060516','2c9a8ef432a72c410132a73255590079','200830740229'),('2c9a8ef432f26ced0132f27fbf090517','2c9a8ef432a72c410132a73255590079','200830740230'),('2c9a8ef432f26ced0132f27fbf0b0518','2c9a8ef432a72c410132a73255590079','200830740231'),('2c9a8ef432f26ced0132f27f9a4704c9','2c9a8ef432a72c410132a73255590079','200830740232'),('2c9a8ef432f26ced0132f27fbf0f051a','2c9a8ef432a72c410132a73255590079','200830740301'),('2c9a8ef432f26ced0132f27fbf11051b','2c9a8ef432a72c410132a73255590079','200830740303'),('2c9a8ef432f26ced0132f27fbf14051c','2c9a8ef432a72c410132a73255590079','200830740305'),('2c9a8ef432f26ced0132f27fbf16051d','2c9a8ef432a72c410132a73255590079','200830740306'),('2c9a8ef432f26ced0132f27fcfe60554','2c9a8ef432a72c410132a73255590079','200830740307'),('2c9a8ef432f26ced0132f27fcfe90555','2c9a8ef432a72c410132a73255590079','200830740308'),('2c9a8ef432f26ced0132f27fbf18051e','2c9a8ef432a72c410132a73255590079','200830740309'),('2c9a8ef432f26ced0132f27fbf1a051f','2c9a8ef432a72c410132a73255590079','200830740313'),('2c9a8ef432f26ced0132f27fcfec0556','2c9a8ef432a72c410132a73255590079','200830740318'),('2c9a8ef432f26ced0132f27fbf1c0520','2c9a8ef432a72c410132a73255590079','200830740319'),('2c9a8ef432f26ced0132f27fbf1e0521','2c9a8ef432a72c410132a73255590079','200830740320'),('2c9a8ef432f26ced0132f27fbf200522','2c9a8ef432a72c410132a73255590079','200830740321'),('2c9a8ef432f26ced0132f27fcff00557','2c9a8ef432a72c410132a73255590079','200830740322'),('2c9a8ef432f26ced0132f27fbf220523','2c9a8ef432a72c410132a73255590079','200830740324'),('2c9a8ef432f26ced0132f27fbf250524','2c9a8ef432a72c410132a73255590079','200830740326'),('2c9a8ef432f26ced0132f27fbf270525','2c9a8ef432a72c410132a73255590079','200830740327'),('2c9a8ef432f26ced0132f27fcff30558','2c9a8ef432a72c410132a73255590079','200830740328'),('2c9a8ef432f26ced0132f27fbf290526','2c9a8ef432a72c410132a73255590079','200830740329'),('2c9a9087331ae49201331b025b610003','2c9a8ef432a72c410132a73255590079','200830740331'),('2c9a8ef432f26ced0132f27fbf2e0528','2c9a8ef432a72c410132a73255590079','200830740332'),('2c9a8ef432f26ced0132f27fcff60559','2c9a8ef432a72c410132a73255590079','200830740401'),('2c9a8ef432f26ced0132f27fbf300529','2c9a8ef432a72c410132a73255590079','200830740403'),('2c9a8ef432f26ced0132f27fbf32052a','2c9a8ef432a72c410132a73255590079','200830740404'),('2c9a8ef432f26ced0132f27fbf34052b','2c9a8ef432a72c410132a73255590079','200830740405'),('2c9a8ef432f26ced0132f27fbf39052c','2c9a8ef432a72c410132a73255590079','200830740406'),('2c9a8ef432f26ced0132f27fbf3b052d','2c9a8ef432a72c410132a73255590079','200830740407'),('2c9a8ef432f26ced0132f27fbf3d052e','2c9a8ef432a72c410132a73255590079','200830740408'),('2c9a8ef432f26ced0132f27fbf3f052f','2c9a8ef432a72c410132a73255590079','200830740409'),('2c9a8ef432f26ced0132f27fbf420530','2c9a8ef432a72c410132a73255590079','200830740410'),('2c9a8ef432f26ced0132f27fbf450531','2c9a8ef432a72c410132a73255590079','200830740411'),('2c9a8ef432f26ced0132f27fcffa055a','2c9a8ef432a72c410132a73255590079','200830740412'),('2c9a8ef432f26ced0132f27fbf470532','2c9a8ef432a72c410132a73255590079','200830740413'),('2c9a8ef432f26ced0132f27fcffd055b','2c9a8ef432a72c410132a73255590079','200830740414'),('2c9a8ef432f26ced0132f27fd001055c','2c9a8ef432a72c410132a73255590079','200830740418'),('2c9a8ef432f26ced0132f27fbf490533','2c9a8ef432a72c410132a73255590079','200830740420'),('2c9a8ef432f26ced0132f27fbf4c0534','2c9a8ef432a72c410132a73255590079','200830740421'),('2c9a8ef432f26ced0132f27fbf4e0535','2c9a8ef432a72c410132a73255590079','200830740430'),('2c9a8ef432f26ced0132f27fbf500536','2c9a8ef432a72c410132a73255590079','200830740431'),('2c9a8ef432f26ced0132f27fbf530537','2c9a8ef432a72c410132a73255590079','200830740501'),('2c9a8ef432f26ced0132f27fbf550538','2c9a8ef432a72c410132a73255590079','200830740515'),('2c9a8ef432f26ced0132f27fbf580539','2c9a8ef432a72c410132a73255590079','200830740519'),('2c9a8ef432f26ced0132f27fe64d055f','2c9a8ef432a72c410132a73255590079','3'),('2c9a8ef432f26ced0132f27fe64f0560','2c9a8ef432a72c410132a73255590079','4'),('2c9a8ef432f26ced0132f27fe6540561','2c9a8ef432a72c410132a73255590079','5'),('2c9a8ef432f26ced0132f27fe6570562','2c9a8ef432a72c410132a73255590079','6'),('2c9a8ef432f26ced0132f27fe65c0563','2c9a8ef432a72c410132a73255590079','7'),('2c9a8ef432f26ced0132f27fe65e0564','2c9a8ef432a72c410132a73255590079','8'),('2c9a8ef432f26ced0132f27fe6610565','2c9a8ef432a72c410132a73255590079','9'),('2c9a8ef432f26ced0132f28028b5057b','2c9a8ef432f26ced0132f27f20c604bc','11'),('2c9a8ef432f26ced0132f28028b8057c','2c9a8ef432f26ced0132f27f20c604bc','12'),('2c9a8ef432f26ced0132f28028ba057d','2c9a8ef432f26ced0132f27f20c604bc','13'),('2c9a8ef432f26ced0132f28028bb057e','2c9a8ef432f26ced0132f27f20c604bc','14'),('2c9a8ef432f26ced0132f28028be0580','2c9a8ef432f26ced0132f27f20c604bc','16'),('2c9a8ef432f26ced0132f28028c00581','2c9a8ef432f26ced0132f27f20c604bc','17'),('2c9a8ef432f26ced0132f2803fbf0595','2c9a8ef432f26ced0132f27f20c604bc','200830670110'),('2c9a8ef432f26ced0132f2803ffd05b6','2c9a8ef432f26ced0132f27f20c604bc','200830690112'),('2c9a8ef432f26ced0132f2803fff05b7','2c9a8ef432f26ced0132f27f20c604bc','200830690113'),('2c9a8ef432f26ced0132f280400105b8','2c9a8ef432f26ced0132f27f20c604bc','200830690115'),('2c9a8ef432f26ced0132f280400305b9','2c9a8ef432f26ced0132f27f20c604bc','200830690317'),('2c9a8ef432f26ced0132f280400505ba','2c9a8ef432f26ced0132f27f20c604bc','200830720112'),('2c9a8ef432f26ced0132f280400705bb','2c9a8ef432f26ced0132f27f20c604bc','200830720119'),('2c9a8ef432f26ced0132f280400905bc','2c9a8ef432f26ced0132f27f20c604bc','200830720126'),('2c9a8ef432f26ced0132f280400b05bd','2c9a8ef432f26ced0132f27f20c604bc','200830720228'),('2c9a8ef432f26ced0132f280400d05be','2c9a8ef432f26ced0132f27f20c604bc','200830720304'),('2c9a8ef432f26ced0132f280400f05bf','2c9a8ef432f26ced0132f27f20c604bc','200830720309'),('2c9a8ef432f26ced0132f280401105c0','2c9a8ef432f26ced0132f27f20c604bc','200830720324'),('2c9a8ef432f26ced0132f280401305c1','2c9a8ef432f26ced0132f27f20c604bc','200830720412'),('2c9a8ef432f26ced0132f2804f5b05c2','2c9a8ef432f26ced0132f27f20c604bc','200830740101'),('2c9a8ef432f26ced0132f2804f5d05c3','2c9a8ef432f26ced0132f27f20c604bc','200830740102'),('2c9a8ef432f26ced0132f2803fa70585','2c9a8ef432f26ced0132f27f20c604bc','200830740108'),('2c9a8ef432f26ced0132f2803fa90586','2c9a8ef432f26ced0132f27f20c604bc','200830740111'),('2c9a8ef432f26ced0132f2804f6105c4','2c9a8ef432f26ced0132f27f20c604bc','200830740114'),('2c9a8ef432f26ced0132f2804f6305c5','2c9a8ef432f26ced0132f27f20c604bc','200830740120'),('2c9a8ef432f26ced0132f2804f6605c6','2c9a8ef432f26ced0132f27f20c604bc','200830740126'),('2c9a8ef432f26ced0132f2804f6805c7','2c9a8ef432f26ced0132f27f20c604bc','200830740127'),('2c9a8ef432f26ced0132f2804f6b05c8','2c9a8ef432f26ced0132f27f20c604bc','200830740128'),('2c9a8ef432f26ced0132f2804f6d05c9','2c9a8ef432f26ced0132f27f20c604bc','200830740129'),('2c9a8ef432f26ced0132f2804f7005ca','2c9a8ef432f26ced0132f27f20c604bc','200830740130'),('2c9a8ef432f26ced0132f2803faa0587','2c9a8ef432f26ced0132f27f20c604bc','200830740131'),('2c9a8ef432f26ced0132f2803fac0588','2c9a8ef432f26ced0132f27f20c604bc','200830740132'),('2c9a8ef432f26ced0132f2803fad0589','2c9a8ef432f26ced0132f27f20c604bc','200830740133'),('2c9a8ef432f26ced0132f2803fae058a','2c9a8ef432f26ced0132f27f20c604bc','200830740201'),('2c9a8ef432f26ced0132f2804f7305cb','2c9a8ef432f26ced0132f27f20c604bc','200830740202'),('2c9a8ef432f26ced0132f2804f7605cc','2c9a8ef432f26ced0132f27f20c604bc','200830740203'),('2c9a8ef432f26ced0132f2803fb0058b','2c9a8ef432f26ced0132f27f20c604bc','200830740204'),('2c9a8ef432f26ced0132f2803fb1058c','2c9a8ef432f26ced0132f27f20c604bc','200830740205'),('2c9a8ef432f26ced0132f2803fb3058d','2c9a8ef432f26ced0132f27f20c604bc','200830740206'),('2c9a8ef432f26ced0132f2803fb4058e','2c9a8ef432f26ced0132f27f20c604bc','200830740209'),('2c9a8ef432f26ced0132f2804f7805cd','2c9a8ef432f26ced0132f27f20c604bc','200830740212'),('2c9a8ef432f26ced0132f2804f7b05ce','2c9a8ef432f26ced0132f27f20c604bc','200830740217'),('2c9a8ef432f26ced0132f2803fb5058f','2c9a8ef432f26ced0132f27f20c604bc','200830740218'),('2c9a8ef432f26ced0132f2804f7d05cf','2c9a8ef432f26ced0132f27f20c604bc','200830740220'),('2c9a8ef432f26ced0132f2804f7f05d0','2c9a8ef432f26ced0132f27f20c604bc','200830740223'),('2c9a8ef432f26ced0132f2803fb80591','2c9a8ef432f26ced0132f27f20c604bc','200830740228'),('2c9a8ef432f26ced0132f2803fb90592','2c9a8ef432f26ced0132f27f20c604bc','200830740229'),('2c9a8ef432f26ced0132f2803fbb0593','2c9a8ef432f26ced0132f27f20c604bc','200830740230'),('2c9a8ef432f26ced0132f2803fbd0594','2c9a8ef432f26ced0132f27f20c604bc','200830740231'),('2c9a8ef432f26ced0132f2803fc00596','2c9a8ef432f26ced0132f27f20c604bc','200830740301'),('2c9a8ef432f26ced0132f2803fc40597','2c9a8ef432f26ced0132f27f20c604bc','200830740303'),('2c9a8ef432f26ced0132f2803fc60598','2c9a8ef432f26ced0132f27f20c604bc','200830740305'),('2c9a8ef432f26ced0132f2803fc70599','2c9a8ef432f26ced0132f27f20c604bc','200830740306'),('2c9a8ef432f26ced0132f2804f8205d1','2c9a8ef432f26ced0132f27f20c604bc','200830740307'),('2c9a8ef432f26ced0132f2804f8505d2','2c9a8ef432f26ced0132f27f20c604bc','200830740308'),('2c9a8ef432f26ced0132f2803fc9059a','2c9a8ef432f26ced0132f27f20c604bc','200830740309'),('2c9a8ef432f26ced0132f2803fca059b','2c9a8ef432f26ced0132f27f20c604bc','200830740313'),('2c9a8ef432f26ced0132f2804f8705d3','2c9a8ef432f26ced0132f27f20c604bc','200830740318'),('2c9a8ef432f26ced0132f2803fcc059c','2c9a8ef432f26ced0132f27f20c604bc','200830740319'),('2c9a8ef432f26ced0132f2803fce059d','2c9a8ef432f26ced0132f27f20c604bc','200830740320'),('2c9a8ef432f26ced0132f2803fd0059e','2c9a8ef432f26ced0132f27f20c604bc','200830740321'),('2c9a8ef432f26ced0132f2804f8a05d4','2c9a8ef432f26ced0132f27f20c604bc','200830740322'),('2c9a8ef432f26ced0132f2803fd1059f','2c9a8ef432f26ced0132f27f20c604bc','200830740324'),('2c9a8ef432f26ced0132f2803fd305a0','2c9a8ef432f26ced0132f27f20c604bc','200830740326'),('2c9a8ef432f26ced0132f2803fd505a1','2c9a8ef432f26ced0132f27f20c604bc','200830740327'),('2c9a8ef432f26ced0132f2804f8d05d5','2c9a8ef432f26ced0132f27f20c604bc','200830740328'),('2c9a8ef432f26ced0132f2803fd705a2','2c9a8ef432f26ced0132f27f20c604bc','200830740329'),('2c9a8ef432f26ced0132f2803fd905a3','2c9a8ef432f26ced0132f27f20c604bc','200830740331'),('2c9a8ef432f26ced0132f2803fda05a4','2c9a8ef432f26ced0132f27f20c604bc','200830740332'),('2c9a8ef432f26ced0132f2804f8f05d6','2c9a8ef432f26ced0132f27f20c604bc','200830740401'),('2c9a8ef432f26ced0132f2803fdd05a5','2c9a8ef432f26ced0132f27f20c604bc','200830740403'),('2c9a8ef432f26ced0132f2803fde05a6','2c9a8ef432f26ced0132f27f20c604bc','200830740404'),('2c9a8ef432f26ced0132f2803fe005a7','2c9a8ef432f26ced0132f27f20c604bc','200830740405'),('2c9a8ef432f26ced0132f2803fe205a8','2c9a8ef432f26ced0132f27f20c604bc','200830740406'),('2c9a8ef432f26ced0132f2803fe305a9','2c9a8ef432f26ced0132f27f20c604bc','200830740407'),('2c9a8ef432f26ced0132f2803fe505aa','2c9a8ef432f26ced0132f27f20c604bc','200830740408'),('2c9a8ef432f26ced0132f2803fe705ab','2c9a8ef432f26ced0132f27f20c604bc','200830740409'),('2c9a8ef432f26ced0132f2803fe905ac','2c9a8ef432f26ced0132f27f20c604bc','200830740410'),('2c9a8ef432f26ced0132f2803feb05ad','2c9a8ef432f26ced0132f27f20c604bc','200830740411'),('2c9a8ef432f26ced0132f2804f9105d7','2c9a8ef432f26ced0132f27f20c604bc','200830740412'),('2c9a8ef432f26ced0132f2803fed05ae','2c9a8ef432f26ced0132f27f20c604bc','200830740413'),('2c9a8ef432f26ced0132f2804f9605d8','2c9a8ef432f26ced0132f27f20c604bc','200830740414'),('2c9a8ef432f26ced0132f2804f9805d9','2c9a8ef432f26ced0132f27f20c604bc','200830740418'),('2c9a8ef432f26ced0132f2803fee05af','2c9a8ef432f26ced0132f27f20c604bc','200830740420'),('2c9a8ef432f26ced0132f2803ff005b0','2c9a8ef432f26ced0132f27f20c604bc','200830740421'),('2c9a8ef432f26ced0132f2803ff205b1','2c9a8ef432f26ced0132f27f20c604bc','200830740430'),('2c9a8ef432f26ced0132f2803ff405b2','2c9a8ef432f26ced0132f27f20c604bc','200830740431'),('2c9a8ef432f26ced0132f2803ff605b3','2c9a8ef432f26ced0132f27f20c604bc','200830740501'),('2c9a8ef432f26ced0132f2803ff805b4','2c9a8ef432f26ced0132f27f20c604bc','200830740515'),('2c9a8ef432f26ced0132f2803ffa05b5','2c9a8ef432f26ced0132f27f20c604bc','200830740519'),('2c9a8ef432f26ced0132f28028ac0573','2c9a8ef432f26ced0132f27f20c604bc','3'),('2c9a8ef432f26ced0132f28028ad0574','2c9a8ef432f26ced0132f27f20c604bc','4'),('2c9a8ef432f26ced0132f28028ae0575','2c9a8ef432f26ced0132f27f20c604bc','5'),('2c9a8ef432f26ced0132f28028af0576','2c9a8ef432f26ced0132f27f20c604bc','6'),('2c9a8ef432f26ced0132f28028b10577','2c9a8ef432f26ced0132f27f20c604bc','7'),('2c9a8ef432f26ced0132f28028b20578','2c9a8ef432f26ced0132f27f20c604bc','8'),('2c9a8ef432f26ced0132f28028b30579','2c9a8ef432f26ced0132f27f20c604bc','9'),('2c9a8ef432f26ced0132f280841b05e4','2c9a8ef432f26ced0132f27f3fd204bd','11'),('2c9a8ef432f26ced0132f280841c05e5','2c9a8ef432f26ced0132f27f3fd204bd','12'),('2c9a8ef432f26ced0132f280841d05e6','2c9a8ef432f26ced0132f27f3fd204bd','13'),('2c9a8ef432f26ced0132f280842005e7','2c9a8ef432f26ced0132f27f3fd204bd','14'),('2c9a8ef432f26ced0132f280842305e9','2c9a8ef432f26ced0132f27f3fd204bd','16'),('2c9a8ef432f26ced0132f280842405ea','2c9a8ef432f26ced0132f27f3fd204bd','17'),('2c9a8ef432f26ced0132f280942c05fe','2c9a8ef432f26ced0132f27f3fd204bd','200830670110'),('2c9a8ef432f26ced0132f2809463061f','2c9a8ef432f26ced0132f27f3fd204bd','200830690112'),('2c9a8ef432f26ced0132f28094650620','2c9a8ef432f26ced0132f27f3fd204bd','200830690113'),('2c9a8ef432f26ced0132f28094670621','2c9a8ef432f26ced0132f27f3fd204bd','200830690115'),('2c9a8ef432f26ced0132f28094690622','2c9a8ef432f26ced0132f27f3fd204bd','200830690317'),('2c9a8ef432f26ced0132f280946b0623','2c9a8ef432f26ced0132f27f3fd204bd','200830720112'),('2c9a8ef432f26ced0132f280946d0624','2c9a8ef432f26ced0132f27f3fd204bd','200830720119'),('2c9a8ef432f26ced0132f280946e0625','2c9a8ef432f26ced0132f27f3fd204bd','200830720126'),('2c9a8ef432f26ced0132f28094710626','2c9a8ef432f26ced0132f27f3fd204bd','200830720228'),('2c9a8ef432f26ced0132f28094730627','2c9a8ef432f26ced0132f27f3fd204bd','200830720304'),('2c9a8ef432f26ced0132f28094740628','2c9a8ef432f26ced0132f27f3fd204bd','200830720309'),('2c9a8ef432f26ced0132f28094770629','2c9a8ef432f26ced0132f27f3fd204bd','200830720324'),('2c9a8ef432f26ced0132f2809479062a','2c9a8ef432f26ced0132f27f3fd204bd','200830720412'),('2c9a8ef432f26ced0132f280a4b4062b','2c9a8ef432f26ced0132f27f3fd204bd','200830740101'),('2c9a8ef432f26ced0132f280a4b7062c','2c9a8ef432f26ced0132f27f3fd204bd','200830740102'),('2c9a8ef432f26ced0132f280941705ee','2c9a8ef432f26ced0132f27f3fd204bd','200830740108'),('2c9a8ef432f26ced0132f280941905ef','2c9a8ef432f26ced0132f27f3fd204bd','200830740111'),('2c9a8ef432f26ced0132f280a4b9062d','2c9a8ef432f26ced0132f27f3fd204bd','200830740114'),('2c9a8ef432f26ced0132f280a4bb062e','2c9a8ef432f26ced0132f27f3fd204bd','200830740120'),('2c9a8ef432f26ced0132f280a4bd062f','2c9a8ef432f26ced0132f27f3fd204bd','200830740126'),('2c9a8ef432f26ced0132f280a4c00630','2c9a8ef432f26ced0132f27f3fd204bd','200830740127'),('2c9a8ef432f26ced0132f280a4c20631','2c9a8ef432f26ced0132f27f3fd204bd','200830740128'),('2c9a8ef432f26ced0132f280a4c40632','2c9a8ef432f26ced0132f27f3fd204bd','200830740129'),('2c9a8ef432f26ced0132f280a4c60633','2c9a8ef432f26ced0132f27f3fd204bd','200830740130'),('2c9a8ef432f26ced0132f280941a05f0','2c9a8ef432f26ced0132f27f3fd204bd','200830740131'),('2c9a8ef432f26ced0132f280941b05f1','2c9a8ef432f26ced0132f27f3fd204bd','200830740132'),('2c9a8ef432f26ced0132f280941d05f2','2c9a8ef432f26ced0132f27f3fd204bd','200830740133'),('2c9a8ef432f26ced0132f280941e05f3','2c9a8ef432f26ced0132f27f3fd204bd','200830740201'),('2c9a8ef432f26ced0132f280a4c80634','2c9a8ef432f26ced0132f27f3fd204bd','200830740202'),('2c9a8ef432f26ced0132f280a4cb0635','2c9a8ef432f26ced0132f27f3fd204bd','200830740203'),('2c9a8ef432f26ced0132f280941f05f4','2c9a8ef432f26ced0132f27f3fd204bd','200830740204'),('2c9a8ef432f26ced0132f280942005f5','2c9a8ef432f26ced0132f27f3fd204bd','200830740205'),('2c9a8ef432f26ced0132f280942205f6','2c9a8ef432f26ced0132f27f3fd204bd','200830740206'),('2c9a8ef432f26ced0132f280942305f7','2c9a8ef432f26ced0132f27f3fd204bd','200830740209'),('2c9a8ef432f26ced0132f280a4cd0636','2c9a8ef432f26ced0132f27f3fd204bd','200830740212'),('2c9a8ef432f26ced0132f280a4d00637','2c9a8ef432f26ced0132f27f3fd204bd','200830740217'),('2c9a8ef432f26ced0132f280942405f8','2c9a8ef432f26ced0132f27f3fd204bd','200830740218'),('2c9a8ef432f26ced0132f280a4d30638','2c9a8ef432f26ced0132f27f3fd204bd','200830740220'),('2c9a8ef432f26ced0132f280a4d80639','2c9a8ef432f26ced0132f27f3fd204bd','200830740223'),('2c9a8ef432f26ced0132f280942705fa','2c9a8ef432f26ced0132f27f3fd204bd','200830740228'),('2c9a8ef432f26ced0132f280942805fb','2c9a8ef432f26ced0132f27f3fd204bd','200830740229'),('2c9a8ef432f26ced0132f280942905fc','2c9a8ef432f26ced0132f27f3fd204bd','200830740230'),('2c9a8ef432f26ced0132f280942b05fd','2c9a8ef432f26ced0132f27f3fd204bd','200830740231'),('2c9a8ef432f26ced0132f280942e05ff','2c9a8ef432f26ced0132f27f3fd204bd','200830740301'),('2c9a8ef432f26ced0132f280942f0600','2c9a8ef432f26ced0132f27f3fd204bd','200830740303'),('2c9a8ef432f26ced0132f28094310601','2c9a8ef432f26ced0132f27f3fd204bd','200830740305'),('2c9a8ef432f26ced0132f28094320602','2c9a8ef432f26ced0132f27f3fd204bd','200830740306'),('2c9a8ef432f26ced0132f280a4da063a','2c9a8ef432f26ced0132f27f3fd204bd','200830740307'),('2c9a8ef432f26ced0132f280a4dc063b','2c9a8ef432f26ced0132f27f3fd204bd','200830740308'),('2c9a8ef432f26ced0132f28094340603','2c9a8ef432f26ced0132f27f3fd204bd','200830740309'),('2c9a8ef432f26ced0132f28094350604','2c9a8ef432f26ced0132f27f3fd204bd','200830740313'),('2c9a8ef432f26ced0132f280a4df063c','2c9a8ef432f26ced0132f27f3fd204bd','200830740318'),('2c9a8ef432f26ced0132f28094360605','2c9a8ef432f26ced0132f27f3fd204bd','200830740319'),('2c9a8ef432f26ced0132f28094380606','2c9a8ef432f26ced0132f27f3fd204bd','200830740320'),('2c9a8ef432f26ced0132f280943a0607','2c9a8ef432f26ced0132f27f3fd204bd','200830740321'),('2c9a8ef432f26ced0132f280a4e1063d','2c9a8ef432f26ced0132f27f3fd204bd','200830740322'),('2c9a8ef432f26ced0132f280943b0608','2c9a8ef432f26ced0132f27f3fd204bd','200830740324'),('2c9a8ef432f26ced0132f280943d0609','2c9a8ef432f26ced0132f27f3fd204bd','200830740326'),('2c9a8ef432f26ced0132f280943e060a','2c9a8ef432f26ced0132f27f3fd204bd','200830740327'),('2c9a8ef432f26ced0132f280a4e3063e','2c9a8ef432f26ced0132f27f3fd204bd','200830740328'),('2c9a8ef432f26ced0132f2809440060b','2c9a8ef432f26ced0132f27f3fd204bd','200830740329'),('2c9a9087331ae49201331b0260dd0004','2c9a8ef432f26ced0132f27f3fd204bd','200830740331'),('2c9a8ef432f26ced0132f2809445060d','2c9a8ef432f26ced0132f27f3fd204bd','200830740332'),('2c9a8ef432f26ced0132f280a4e6063f','2c9a8ef432f26ced0132f27f3fd204bd','200830740401'),('2c9a8ef432f26ced0132f2809446060e','2c9a8ef432f26ced0132f27f3fd204bd','200830740403'),('2c9a8ef432f26ced0132f2809448060f','2c9a8ef432f26ced0132f27f3fd204bd','200830740404'),('2c9a8ef432f26ced0132f280944a0610','2c9a8ef432f26ced0132f27f3fd204bd','200830740405'),('2c9a8ef432f26ced0132f280944b0611','2c9a8ef432f26ced0132f27f3fd204bd','200830740406'),('2c9a8ef432f26ced0132f280944d0612','2c9a8ef432f26ced0132f27f3fd204bd','200830740407'),('2c9a8ef432f26ced0132f280944f0613','2c9a8ef432f26ced0132f27f3fd204bd','200830740408'),('2c9a8ef432f26ced0132f28094500614','2c9a8ef432f26ced0132f27f3fd204bd','200830740409'),('2c9a8ef432f26ced0132f28094520615','2c9a8ef432f26ced0132f27f3fd204bd','200830740410'),('2c9a8ef432f26ced0132f28094540616','2c9a8ef432f26ced0132f27f3fd204bd','200830740411'),('2c9a8ef432f26ced0132f280a4e90640','2c9a8ef432f26ced0132f27f3fd204bd','200830740412'),('2c9a8ef432f26ced0132f28094550617','2c9a8ef432f26ced0132f27f3fd204bd','200830740413'),('2c9a8ef432f26ced0132f280a4eb0641','2c9a8ef432f26ced0132f27f3fd204bd','200830740414'),('2c9a8ef432f26ced0132f280a4ee0642','2c9a8ef432f26ced0132f27f3fd204bd','200830740418'),('2c9a8ef432f26ced0132f28094570618','2c9a8ef432f26ced0132f27f3fd204bd','200830740420'),('2c9a8ef432f26ced0132f28094590619','2c9a8ef432f26ced0132f27f3fd204bd','200830740421'),('2c9a8ef432f26ced0132f280945a061a','2c9a8ef432f26ced0132f27f3fd204bd','200830740430'),('2c9a8ef432f26ced0132f280945c061b','2c9a8ef432f26ced0132f27f3fd204bd','200830740431'),('2c9a8ef432f26ced0132f280945e061c','2c9a8ef432f26ced0132f27f3fd204bd','200830740501'),('2c9a8ef432f26ced0132f2809460061d','2c9a8ef432f26ced0132f27f3fd204bd','200830740515'),('2c9a8ef432f26ced0132f2809461061e','2c9a8ef432f26ced0132f27f3fd204bd','200830740519'),('2c9a8ef432f26ced0132f280841105dc','2c9a8ef432f26ced0132f27f3fd204bd','3'),('2c9a8ef432f26ced0132f280841205dd','2c9a8ef432f26ced0132f27f3fd204bd','4'),('2c9a8ef432f26ced0132f280841305de','2c9a8ef432f26ced0132f27f3fd204bd','5'),('2c9a8ef432f26ced0132f280841405df','2c9a8ef432f26ced0132f27f3fd204bd','6'),('2c9a8ef432f26ced0132f280841605e0','2c9a8ef432f26ced0132f27f3fd204bd','7'),('2c9a8ef432f26ced0132f280841705e1','2c9a8ef432f26ced0132f27f3fd204bd','8'),('2c9a8ef432f26ced0132f280841805e2','2c9a8ef432f26ced0132f27f3fd204bd','9');
/*!40000 ALTER TABLE `rel_examgroup_student` ENABLE KEYS */;
UNLOCK TABLES;

--
-- Table structure for table `rel_tag_question`
--

DROP TABLE IF EXISTS `rel_tag_question`;
/*!40101 SET @saved_cs_client     = @@character_set_client */;
/*!40101 SET character_set_client = utf8 */;
CREATE TABLE `rel_tag_question` (
  `Id` char(32) NOT NULL,
  `tagId` char(32) NOT NULL,
  `questionId` char(32) NOT NULL,
  PRIMARY KEY (`Id`),
  KEY `FK_Reference_46` (`tagId`),
  KEY `FK_Reference_47` (`questionId`),
  CONSTRAINT `FK_Reference_46` FOREIGN KEY (`tagId`) REFERENCES `tag` (`tagId`) ON DELETE CASCADE ON UPDATE CASCADE,
  CONSTRAINT `FK_Reference_47` FOREIGN KEY (`questionId`) REFERENCES `question` (`questionId`) ON DELETE CASCADE ON UPDATE CASCADE
) ENGINE=InnoDB DEFAULT CHARSET=utf8;
/*!40101 SET character_set_client = @saved_cs_client */;

--
-- Dumping data for table `rel_tag_question`
--

LOCK TABLES `rel_tag_question` WRITE;
/*!40000 ALTER TABLE `rel_tag_question` DISABLE KEYS */;
INSERT INTO `rel_tag_question` VALUES ('2c9a8ef432f26ced0132f2786fb5003c','2c9a8ef43287f354013287fb2734000b','2c9a8ef432f26ced0132f2786fb40037'),('2c9a8ef432f26ced0132f2786fb50049','2c9a8ef43287f354013287fb559d000c','2c9a8ef432f26ced0132f2786fb50043'),('2c9a8ef432f26ced0132f2786fb60050','2c9a8ef43287f354013287fb559d000c','2c9a8ef432f26ced0132f2786fb6004a'),('2c9a8ef432f26ced0132f2786fb60057','2c9a8ef43287f354013287fb559d000c','2c9a8ef432f26ced0132f2786fb60051'),('2c9a8ef432f26ced0132f2786fb7005e','2c9a8ef43287f354013287fb559d000c','2c9a8ef432f26ced0132f2786fb60058'),('2c9a8ef432f26ced0132f2786fb70066','2c9a8ef43287f354013287fb559d000c','2c9a8ef432f26ced0132f2786fb7005f'),('2c9a8ef432f26ced0132f2786fb8006e','2c9a8ef43287f354013287fb559d000c','2c9a8ef432f26ced0132f2786fb70067'),('2c9a8ef432f26ced0132f2786fb90076','2c9a8ef43287f354013287fb559d000c','2c9a8ef432f26ced0132f2786fb8006f'),('2c9a8ef432f26ced0132f2786fba007c','2c9a8ef43287f354013287fb559d000c','2c9a8ef432f26ced0132f2786fb90077'),('2c9a8ef432f26ced0132f2786fba0088','2c9a8ef43287f354013287fba342000e','2c9a8ef432f26ced0132f2786fba0083'),('2c9a8ef432f26ced0132f2786fbb0090','2c9a8ef43287f354013287fba342000e','2c9a8ef432f26ced0132f2786fba0089'),('2c9a8ef432f26ced0132f2786fbd00bc','2c9a8ef43287f354013287fb2734000b','2c9a8ef432f26ced0132f2786fbd00b6'),('2c9a9087331ae49201331b06d4460006','2c9a8ef43287f354013287fb2734000b','2c9a9087331ae49201331b06d4170005'),('2c9a9087331ae49201331b06d4460007','2c9a8ef43287f354013287fb559d000c','2c9a9087331ae49201331b06d4170005'),('2c9a9087331ae49201331b06d4460009','2c9a8ef4328a6ccf01328a90bb7d0003','2c9a9087331ae49201331b06d4170005');
/*!40000 ALTER TABLE `rel_tag_question` ENABLE KEYS */;
UNLOCK TABLES;

--
-- Table structure for table `rel_teacher_course`
--

DROP TABLE IF EXISTS `rel_teacher_course`;
/*!40101 SET @saved_cs_client     = @@character_set_client */;
/*!40101 SET character_set_client = utf8 */;
CREATE TABLE `rel_teacher_course` (
  `id` char(32) NOT NULL,
  `teacherId` char(32) NOT NULL,
  `courseId` char(32) NOT NULL,
  PRIMARY KEY (`id`),
  UNIQUE KEY `teacherId` (`teacherId`,`courseId`),
  KEY `FK_Reference_24` (`teacherId`),
  KEY `FK_Reference_25` (`courseId`),
  CONSTRAINT `FK_Reference_24` FOREIGN KEY (`teacherId`) REFERENCES `teacher` (`teacherId`) ON DELETE CASCADE,
  CONSTRAINT `FK_Reference_25` FOREIGN KEY (`courseId`) REFERENCES `course` (`courseId`) ON DELETE CASCADE ON UPDATE CASCADE
) ENGINE=InnoDB DEFAULT CHARSET=utf8;
/*!40101 SET character_set_client = @saved_cs_client */;

--
-- Dumping data for table `rel_teacher_course`
--

LOCK TABLES `rel_teacher_course` WRITE;
/*!40000 ALTER TABLE `rel_teacher_course` DISABLE KEYS */;
INSERT INTO `rel_teacher_course` VALUES ('2c9a9087331b094901331b0efa3f000c','1','2c9a8ef43287c213013287cafdc90002'),('2c9a9087331b094901331b17c6a30015','1','2c9a8ef432ae883b0132ae89d4790001'),('2c9a908732f050bd0132f07d084d017e','10','2c9a8ef432ae883b0132ae89d4790001'),('2c9a908732f050bd0132f086756b01e1','11','2c9a8ef43287c213013287cafdc90002'),('2c9a8ef432ae883b0132ae96a29201db','11','2c9a8ef432ae883b0132ae89d4790001'),('2c9a8ef432ae883b0132ae96b83b01dc','12','2c9a8ef43287c213013287cafdc90002'),('2c9a8ef432ae883b0132ae96b83b01dd','12','2c9a8ef432ae883b0132ae89d4790001'),('2c9a8ef432ae883b0132ae96e37a01de','13','2c9a8ef43287c213013287cafdc90002'),('2c9a8ef432ae883b0132ae96ef7b01e0','14','2c9a8ef43287c213013287cafdc90002'),('2c9a8ef432ae883b0132ae96ef7b01e1','14','2c9a8ef432ae883b0132ae89d4790001'),('2c9a908732f050bd0132f0776e2c010f','15','2c9a8ef43287c213013287cafdc90002'),('2c9a8ef432f26ced0132f26e21000003','15','2c9a8ef432ae883b0132ae89d4790001'),('2c9a8ef432ae883b0132ae970efb01e4','16','2c9a8ef43287c213013287cafdc90002'),('2c9a8ef432ae883b0132ae970efb01e5','16','2c9a8ef432ae883b0132ae89d4790001'),('2c9a8ef432ae883b0132ae97201d01e6','17','2c9a8ef43287c213013287cafdc90002'),('2c9a8ef432ae883b0132ae97201d01e7','17','2c9a8ef432ae883b0132ae89d4790001'),('2c9a8ef432f26ced0132f26e14e30001','2','2c9a8ef43287c213013287cafdc90002'),('2c9a8ef432f26ced0132f26e14eb0002','2','2c9a8ef432ae883b0132ae89d4790001'),('2c9a8ef432ae883b0132ae975feb01ee','20','2c9a8ef43287c213013287cafdc90002'),('2c9a8ef432ae883b0132ae975feb01ef','20','2c9a8ef432ae883b0132ae89d4790001'),('2c9a8ef432ae883b0132ae976df901f0','21','2c9a8ef43287c213013287cafdc90002'),('2c9a8ef432ae883b0132ae976df901f1','21','2c9a8ef432ae883b0132ae89d4790001'),('2c9a8ef432ae883b0132ae977a0701f2','22','2c9a8ef43287c213013287cafdc90002'),('2c9a8ef432ae883b0132ae977a0701f3','22','2c9a8ef432ae883b0132ae89d4790001'),('2c9a8ef432ae883b0132ae97871a01f4','23','2c9a8ef43287c213013287cafdc90002'),('2c9a8ef432ae883b0132ae97871a01f5','23','2c9a8ef432ae883b0132ae89d4790001'),('2c9a8ef432ae883b0132ae97972d01f6','24','2c9a8ef43287c213013287cafdc90002'),('2c9a8ef432ae883b0132ae97972d01f7','24','2c9a8ef432ae883b0132ae89d4790001'),('2c9a8ef432ae883b0132ae97a70b01f8','25','2c9a8ef43287c213013287cafdc90002'),('2c9a8ef432ae883b0132ae97a70b01f9','25','2c9a8ef432ae883b0132ae89d4790001'),('2c9a8ef432ae883b0132ae97b9cd01fa','26','2c9a8ef43287c213013287cafdc90002'),('2c9a8ef432ae883b0132ae97b9cd01fb','26','2c9a8ef432ae883b0132ae89d4790001'),('2c9a8ef432ae883b0132ae987ddc0215','27','2c9a8ef43287c213013287cafdc90002'),('2c9a8ef432ae883b0132ae987ddc0216','27','2c9a8ef432ae883b0132ae89d4790001'),('2c9a8ef432ae883b0132ae988b210217','28','2c9a8ef43287c213013287cafdc90002'),('2c9a8ef432ae883b0132ae988b210218','28','2c9a8ef432ae883b0132ae89d4790001'),('2c9a8ef432ae883b0132ae9896520219','29','2c9a8ef43287c213013287cafdc90002'),('2c9a8ef432ae883b0132ae989652021a','29','2c9a8ef432ae883b0132ae89d4790001'),('2c9a8ef432a15a190132a15af6810002','3','2c9a8ef43287c213013287cafdc90002'),('2c9a8ef432ae883b0132ae98a22a021b','3','2c9a8ef432ae883b0132ae89d4790001'),('2c9a8ef432ae883b0132ae98ae8c021c','30','2c9a8ef43287c213013287cafdc90002'),('2c9a8ef432ae883b0132ae98ae8c021d','30','2c9a8ef432ae883b0132ae89d4790001'),('2c9a8ef432ae883b0132ae98bb68021e','31','2c9a8ef43287c213013287cafdc90002'),('2c9a8ef432ae883b0132ae98bb68021f','31','2c9a8ef432ae883b0132ae89d4790001'),('2c9a8ef432ae883b0132ae98c8aa0220','32','2c9a8ef43287c213013287cafdc90002'),('2c9a8ef432ae883b0132ae98c8aa0221','32','2c9a8ef432ae883b0132ae89d4790001'),('2c9a8ef432ae883b0132ae98d6580222','33','2c9a8ef43287c213013287cafdc90002'),('2c9a8ef432ae883b0132ae98d6580223','33','2c9a8ef432ae883b0132ae89d4790001'),('2c9a8ef432ae883b0132ae986f9a0213','34','2c9a8ef43287c213013287cafdc90002'),('2c9a8ef432ae883b0132ae986f9a0214','34','2c9a8ef432ae883b0132ae89d4790001'),('2c9a8ef432ae883b0132ae98634b0211','35','2c9a8ef43287c213013287cafdc90002'),('2c9a8ef432ae883b0132ae98634b0212','35','2c9a8ef432ae883b0132ae89d4790001'),('2c9a8ef432ae883b0132ae985432020f','36','2c9a8ef43287c213013287cafdc90002'),('2c9a8ef432ae883b0132ae9854320210','36','2c9a8ef432ae883b0132ae89d4790001'),('2c9a8ef432ae883b0132ae984499020d','37','2c9a8ef43287c213013287cafdc90002'),('2c9a8ef432ae883b0132ae984499020e','37','2c9a8ef432ae883b0132ae89d4790001'),('2c9a8ef432ae883b0132ae98380b020b','38','2c9a8ef43287c213013287cafdc90002'),('2c9a8ef432ae883b0132ae98380b020c','38','2c9a8ef432ae883b0132ae89d4790001'),('2c9a8ef432ae883b0132ae9829dd0209','39','2c9a8ef43287c213013287cafdc90002'),('2c9a8ef432ae883b0132ae9829dd020a','39','2c9a8ef432ae883b0132ae89d4790001'),('2c9a8ef432a15a190132a15b1d740007','4','2c9a8ef43287c213013287cafdc90002'),('2c9a8ef432ae883b0132ae981dca0208','4','2c9a8ef432ae883b0132ae89d4790001'),('2c9a8ef432ae883b0132ae9813510206','40','2c9a8ef43287c213013287cafdc90002'),('2c9a8ef432f26ced0132f26e3a690005','40','2c9a8ef432ae883b0132ae89d4790001'),('2c9a8ef432ae883b0132ae9804b00204','5','2c9a8ef43287c213013287cafdc90002'),('2c9a8ef432ae883b0132ae9804b10205','5','2c9a8ef432ae883b0132ae89d4790001'),('2c9a8ef432ae883b0132ae97f5f10202','6','2c9a8ef43287c213013287cafdc90002'),('2c9a8ef432ae883b0132ae97f5f10203','6','2c9a8ef432ae883b0132ae89d4790001'),('2c9a8ef432ae883b0132ae97e86a0200','7','2c9a8ef43287c213013287cafdc90002'),('2c9a8ef432ae883b0132ae97e86a0201','7','2c9a8ef432ae883b0132ae89d4790001'),('2c9a8ef432ae883b0132ae97db5301fe','8','2c9a8ef43287c213013287cafdc90002'),('2c9a8ef432ae883b0132ae97db5301ff','8','2c9a8ef432ae883b0132ae89d4790001'),('2c9a8ef432f26ced0132f26e47c70006','9','2c9a8ef43287c213013287cafdc90002'),('2c9a8ef432ae883b0132ae97cc6101fd','9','2c9a8ef432ae883b0132ae89d4790001');
/*!40000 ALTER TABLE `rel_teacher_course` ENABLE KEYS */;
UNLOCK TABLES;

--
-- Table structure for table `rule_teacher_exam`
--

DROP TABLE IF EXISTS `rule_teacher_exam`;
/*!40101 SET @saved_cs_client     = @@character_set_client */;
/*!40101 SET character_set_client = utf8 */;
CREATE TABLE `rule_teacher_exam` (
  `id` char(32) NOT NULL,
  `teacherId` char(32) NOT NULL,
  `rule` int(11) NOT NULL,
  `examId` char(32) NOT NULL,
  PRIMARY KEY (`id`),
  KEY `FK_Reference_27` (`teacherId`),
  KEY `FK_rule_teacher_exam_2` (`examId`),
  CONSTRAINT `FK_Reference_27` FOREIGN KEY (`teacherId`) REFERENCES `teacher` (`teacherId`) ON DELETE CASCADE ON UPDATE CASCADE,
  CONSTRAINT `FK_rule_teacher_exam_2` FOREIGN KEY (`examId`) REFERENCES `exam` (`examId`) ON DELETE CASCADE ON UPDATE CASCADE
) ENGINE=InnoDB DEFAULT CHARSET=utf8;
/*!40101 SET character_set_client = @saved_cs_client */;

--
-- Dumping data for table `rule_teacher_exam`
--

LOCK TABLES `rule_teacher_exam` WRITE;
/*!40000 ALTER TABLE `rule_teacher_exam` DISABLE KEYS */;
/*!40000 ALTER TABLE `rule_teacher_exam` ENABLE KEYS */;
UNLOCK TABLES;

--
-- Table structure for table `school`
--

DROP TABLE IF EXISTS `school`;
/*!40101 SET @saved_cs_client     = @@character_set_client */;
/*!40101 SET character_set_client = utf8 */;
CREATE TABLE `school` (
  `id` char(32) NOT NULL,
  `name` varchar(32) NOT NULL,
  PRIMARY KEY (`id`)
) ENGINE=InnoDB DEFAULT CHARSET=utf8;
/*!40101 SET character_set_client = @saved_cs_client */;

--
-- Dumping data for table `school`
--

LOCK TABLES `school` WRITE;
/*!40000 ALTER TABLE `school` DISABLE KEYS */;
INSERT INTO `school` VALUES ('2c9a8ef43287c213013287cb62cc0003','华南农业大学'),('2c9a8ef43287c213013287cb817f0004','华南理工大学'),('2c9a8ef43287c213013287cce5240006','中山大学');
/*!40000 ALTER TABLE `school` ENABLE KEYS */;
UNLOCK TABLES;

--
-- Table structure for table `score`
--

DROP TABLE IF EXISTS `score`;
/*!40101 SET @saved_cs_client     = @@character_set_client */;
/*!40101 SET character_set_client = utf8 */;
CREATE TABLE `score` (
  `scoreId` char(32) NOT NULL,
  `examId` char(32) NOT NULL,
  `stdId` varchar(32) NOT NULL,
  `score` float NOT NULL,
  PRIMARY KEY (`scoreId`),
  KEY `FK_Reference_41` (`examId`),
  KEY `FK_Reference_43` (`stdId`),
  CONSTRAINT `FK_Reference_41` FOREIGN KEY (`examId`) REFERENCES `exam` (`examId`) ON DELETE CASCADE ON UPDATE CASCADE,
  CONSTRAINT `FK_Reference_43` FOREIGN KEY (`stdId`) REFERENCES `student` (`stdId`) ON DELETE CASCADE ON UPDATE CASCADE
) ENGINE=InnoDB DEFAULT CHARSET=utf8;
/*!40101 SET character_set_client = @saved_cs_client */;

--
-- Dumping data for table `score`
--

LOCK TABLES `score` WRITE;
/*!40000 ALTER TABLE `score` DISABLE KEYS */;
/*!40000 ALTER TABLE `score` ENABLE KEYS */;
UNLOCK TABLES;

--
-- Table structure for table `specialty`
--

DROP TABLE IF EXISTS `specialty`;
/*!40101 SET @saved_cs_client     = @@character_set_client */;
/*!40101 SET character_set_client = utf8 */;
CREATE TABLE `specialty` (
  `specialtyId` char(32) NOT NULL,
  `organId` char(32) NOT NULL,
  `specialtyName` varchar(32) NOT NULL,
  PRIMARY KEY (`specialtyId`),
  KEY `FK_Reference_7` (`organId`),
  CONSTRAINT `FK_Reference_7` FOREIGN KEY (`organId`) REFERENCES `organ` (`organId`) ON DELETE CASCADE ON UPDATE CASCADE
) ENGINE=InnoDB DEFAULT CHARSET=utf8;
/*!40101 SET character_set_client = @saved_cs_client */;

--
-- Dumping data for table `specialty`
--

LOCK TABLES `specialty` WRITE;
/*!40000 ALTER TABLE `specialty` DISABLE KEYS */;
/*!40000 ALTER TABLE `specialty` ENABLE KEYS */;
UNLOCK TABLES;

--
-- Table structure for table `std_contact_info`
--

DROP TABLE IF EXISTS `std_contact_info`;
/*!40101 SET @saved_cs_client     = @@character_set_client */;
/*!40101 SET character_set_client = utf8 */;
CREATE TABLE `std_contact_info` (
  `contackId` char(32) NOT NULL,
  `stdId` varchar(32) NOT NULL,
  `content` varchar(100) NOT NULL,
  `type` tinyint(4) NOT NULL,
  PRIMARY KEY (`contackId`),
  KEY `FK_Reference_36` (`stdId`),
  CONSTRAINT `FK_Reference_36` FOREIGN KEY (`stdId`) REFERENCES `student` (`stdId`) ON DELETE CASCADE ON UPDATE CASCADE
) ENGINE=InnoDB DEFAULT CHARSET=utf8;
/*!40101 SET character_set_client = @saved_cs_client */;

--
-- Dumping data for table `std_contact_info`
--

LOCK TABLES `std_contact_info` WRITE;
/*!40000 ALTER TABLE `std_contact_info` DISABLE KEYS */;
/*!40000 ALTER TABLE `std_contact_info` ENABLE KEYS */;
UNLOCK TABLES;

--
-- Table structure for table `std_info`
--

DROP TABLE IF EXISTS `std_info`;
/*!40101 SET @saved_cs_client     = @@character_set_client */;
/*!40101 SET character_set_client = utf8 */;
CREATE TABLE `std_info` (
  `stdId` char(32) NOT NULL,
  `name` varchar(32) DEFAULT NULL,
  `gender` char(1) DEFAULT NULL,
  `birthday` varchar(32) DEFAULT NULL,
  `idNumber` varchar(32) DEFAULT NULL,
  `phone` varchar(32) DEFAULT NULL,
  `schoolId` varchar(32) DEFAULT NULL,
  `college` varchar(32) DEFAULT NULL,
  `specialty` varchar(32) DEFAULT NULL,
  `grade` varchar(32) DEFAULT NULL,
  `class` varchar(32) DEFAULT NULL,
  `stdNumber` varchar(32) DEFAULT NULL,
  `email` varchar(32) DEFAULT NULL,
  `education` varchar(32) DEFAULT NULL,
  `remark` varchar(100) DEFAULT NULL,
  `question` varchar(100) DEFAULT NULL,
  `answer` varchar(100) DEFAULT NULL,
  PRIMARY KEY (`stdId`),
  KEY `FK_Reference_3` (`stdId`),
  CONSTRAINT `FK_Reference_3` FOREIGN KEY (`stdId`) REFERENCES `student` (`stdId`) ON DELETE CASCADE ON UPDATE CASCADE
) ENGINE=InnoDB DEFAULT CHARSET=utf8;
/*!40101 SET character_set_client = @saved_cs_client */;

--
-- Dumping data for table `std_info`
--

LOCK TABLES `std_info` WRITE;
/*!40000 ALTER TABLE `std_info` DISABLE KEYS */;
INSERT INTO `std_info` VALUES ('11','学生11',NULL,NULL,NULL,NULL,'2c9a8ef43287c213013287cb62cc0003',NULL,NULL,NULL,'XXXXXX','11',NULL,NULL,NULL,NULL,NULL),('12','学生12',NULL,NULL,NULL,NULL,'2c9a8ef43287c213013287cb62cc0003',NULL,NULL,NULL,'XXXXXX','12',NULL,NULL,NULL,NULL,NULL),('13','学生13',NULL,NULL,NULL,NULL,'2c9a8ef43287c213013287cb62cc0003',NULL,NULL,NULL,'XXXXXX','13',NULL,NULL,NULL,NULL,NULL),('14','学生14',NULL,NULL,NULL,NULL,'2c9a8ef43287c213013287cb62cc0003',NULL,NULL,NULL,'XXXXXX','14',NULL,NULL,NULL,NULL,NULL),('16','学生16',NULL,NULL,NULL,NULL,'2c9a8ef43287c213013287cb62cc0003',NULL,NULL,NULL,'XXXXXX','16',NULL,NULL,NULL,NULL,NULL),('17','学生17',NULL,NULL,NULL,NULL,'2c9a8ef43287c213013287cb62cc0003',NULL,NULL,NULL,'XXXXXX','17',NULL,NULL,NULL,NULL,NULL),('200830670110','黄汝敏',NULL,NULL,NULL,NULL,'2c9a8ef43287c213013287cb62cc0003',NULL,NULL,NULL,'08计算机3','200830670110',NULL,NULL,NULL,NULL,NULL),('200830690104','陈泽凯',NULL,NULL,NULL,NULL,'2c9a8ef43287c213013287cb62cc0003',NULL,NULL,NULL,'08软件工程1','200830690104',NULL,NULL,NULL,NULL,NULL),('200830690105','胡观豪',NULL,NULL,NULL,NULL,'2c9a8ef43287c213013287cb62cc0003',NULL,NULL,NULL,'08软件工程1','200830690105',NULL,NULL,NULL,NULL,NULL),('200830690106','黄胜容',NULL,NULL,NULL,NULL,'2c9a8ef43287c213013287cb62cc0003',NULL,NULL,NULL,'08软件工程1','200830690106',NULL,NULL,NULL,NULL,NULL),('200830690107','黄耀杰',NULL,NULL,NULL,NULL,'2c9a8ef43287c213013287cb62cc0003',NULL,NULL,NULL,'08软件工程1','200830690107',NULL,NULL,NULL,NULL,NULL),('200830690108','黄育培',NULL,NULL,NULL,NULL,'2c9a8ef43287c213013287cb62cc0003',NULL,NULL,NULL,'08软件工程1','200830690108',NULL,NULL,NULL,NULL,NULL),('200830690109','赖伟坤',NULL,NULL,NULL,NULL,'2c9a8ef43287c213013287cb62cc0003',NULL,NULL,NULL,'08软件工程1','200830690109',NULL,NULL,NULL,NULL,NULL),('200830690111','林柏胜',NULL,NULL,NULL,NULL,'2c9a8ef43287c213013287cb62cc0003',NULL,NULL,NULL,'08软件工程1','200830690111',NULL,NULL,NULL,NULL,NULL),('200830690112','林海平',NULL,NULL,NULL,NULL,'2c9a8ef43287c213013287cb62cc0003',NULL,NULL,NULL,'08软件工程1','200830690112',NULL,NULL,NULL,NULL,NULL),('200830690113','林良记',NULL,NULL,NULL,NULL,'2c9a8ef43287c213013287cb62cc0003',NULL,NULL,NULL,'08软件工程1','200830690113',NULL,NULL,NULL,NULL,NULL),('200830690115','卢炳成',NULL,NULL,NULL,NULL,'2c9a8ef43287c213013287cb62cc0003',NULL,NULL,NULL,'08软件工程1','200830690115',NULL,NULL,NULL,NULL,NULL),('200830690117','倪世骏',NULL,NULL,NULL,NULL,'2c9a8ef43287c213013287cb62cc0003',NULL,NULL,NULL,'08软件工程1','200830690117',NULL,NULL,NULL,NULL,NULL),('200830690119','钱礼贤',NULL,NULL,NULL,NULL,'2c9a8ef43287c213013287cb62cc0003',NULL,NULL,NULL,'08软件工程1','200830690119',NULL,NULL,NULL,NULL,NULL),('200830690123','谭妍婷',NULL,NULL,NULL,NULL,'2c9a8ef43287c213013287cb62cc0003',NULL,NULL,NULL,'08软件工程1','200830690123',NULL,NULL,NULL,NULL,NULL),('200830690124','魏佳涌',NULL,NULL,NULL,NULL,'2c9a8ef43287c213013287cb62cc0003',NULL,NULL,NULL,'08软件工程1','200830690124',NULL,NULL,NULL,NULL,NULL),('200830690125','徐玄骥',NULL,NULL,NULL,NULL,'2c9a8ef43287c213013287cb62cc0003',NULL,NULL,NULL,'08软件工程1','200830690125',NULL,NULL,NULL,NULL,NULL),('200830690126','杨水亮',NULL,NULL,NULL,NULL,'2c9a8ef43287c213013287cb62cc0003',NULL,NULL,NULL,'08软件工程1','200830690126',NULL,NULL,NULL,NULL,NULL),('200830690128','姚福',NULL,NULL,NULL,NULL,'2c9a8ef43287c213013287cb62cc0003',NULL,NULL,NULL,'08软件工程1','200830690128',NULL,NULL,NULL,NULL,NULL),('200830690201','陈焕民',NULL,NULL,NULL,NULL,'2c9a8ef43287c213013287cb62cc0003',NULL,NULL,NULL,'08软件工程2','200830690201',NULL,NULL,NULL,NULL,NULL),('200830690203','邓英华',NULL,NULL,NULL,NULL,'2c9a8ef43287c213013287cb62cc0003',NULL,NULL,NULL,'08软件工程2','200830690203',NULL,NULL,NULL,NULL,NULL),('200830690204','黄富鸿',NULL,NULL,NULL,NULL,'2c9a8ef43287c213013287cb62cc0003',NULL,NULL,NULL,'08软件工程2','200830690204',NULL,NULL,NULL,NULL,NULL),('200830690205','黄泽斌',NULL,NULL,NULL,NULL,'2c9a8ef43287c213013287cb62cc0003',NULL,NULL,NULL,'08软件工程2','200830690205',NULL,NULL,NULL,NULL,NULL),('200830690206','李铖',NULL,NULL,NULL,NULL,'2c9a8ef43287c213013287cb62cc0003',NULL,NULL,NULL,'08软件工程2','200830690206',NULL,NULL,NULL,NULL,NULL),('200830690207','李晓',NULL,NULL,NULL,NULL,'2c9a8ef43287c213013287cb62cc0003',NULL,NULL,NULL,'08软件工程2','200830690207',NULL,NULL,NULL,NULL,NULL),('200830690208','梁嘉雯',NULL,NULL,NULL,NULL,'2c9a8ef43287c213013287cb62cc0003',NULL,NULL,NULL,'08软件工程2','200830690208',NULL,NULL,NULL,NULL,NULL),('200830690209','廖庆宁',NULL,NULL,NULL,NULL,'2c9a8ef43287c213013287cb62cc0003',NULL,NULL,NULL,'08软件工程2','200830690209',NULL,NULL,NULL,NULL,NULL),('200830690210','林灿发',NULL,NULL,NULL,NULL,'2c9a8ef43287c213013287cb62cc0003',NULL,NULL,NULL,'08软件工程2','200830690210',NULL,NULL,NULL,NULL,NULL),('200830690212','林镇录',NULL,NULL,NULL,NULL,'2c9a8ef43287c213013287cb62cc0003',NULL,NULL,NULL,'08软件工程2','200830690212',NULL,NULL,NULL,NULL,NULL),('200830690213','刘锐',NULL,NULL,NULL,NULL,'2c9a8ef43287c213013287cb62cc0003',NULL,NULL,NULL,'08软件工程2','200830690213',NULL,NULL,NULL,NULL,NULL),('200830690215','毛锦钊',NULL,NULL,NULL,NULL,'2c9a8ef43287c213013287cb62cc0003',NULL,NULL,NULL,'08软件工程2','200830690215',NULL,NULL,NULL,NULL,NULL),('200830690217','聂志旭',NULL,NULL,NULL,NULL,'2c9a8ef43287c213013287cb62cc0003',NULL,NULL,NULL,'08软件工程2','200830690217',NULL,NULL,NULL,NULL,NULL),('200830690219','吴国鹏',NULL,NULL,NULL,NULL,'2c9a8ef43287c213013287cb62cc0003',NULL,NULL,NULL,'08软件工程2','200830690219',NULL,NULL,NULL,NULL,NULL),('200830690220','吴家达',NULL,NULL,NULL,NULL,'2c9a8ef43287c213013287cb62cc0003',NULL,NULL,NULL,'08软件工程2','200830690220',NULL,NULL,NULL,NULL,NULL),('200830690221','吴善洲',NULL,NULL,NULL,NULL,'2c9a8ef43287c213013287cb62cc0003',NULL,NULL,NULL,'08软件工程2','200830690221',NULL,NULL,NULL,NULL,NULL),('200830690223','杨克敏',NULL,NULL,NULL,NULL,'2c9a8ef43287c213013287cb62cc0003',NULL,NULL,NULL,'08软件工程2','200830690223',NULL,NULL,NULL,NULL,NULL),('200830690224','杨朗靖',NULL,NULL,NULL,NULL,'2c9a8ef43287c213013287cb62cc0003',NULL,NULL,NULL,'08软件工程2','200830690224',NULL,NULL,NULL,NULL,NULL),('200830690227','张灿容',NULL,NULL,NULL,NULL,'2c9a8ef43287c213013287cb62cc0003',NULL,NULL,NULL,'08软件工程2','200830690227',NULL,NULL,NULL,NULL,NULL),('200830690228','张戈',NULL,NULL,NULL,NULL,'2c9a8ef43287c213013287cb62cc0003',NULL,NULL,NULL,'08软件工程2','200830690228',NULL,NULL,NULL,NULL,NULL),('200830690229','张雅雯',NULL,NULL,NULL,NULL,'2c9a8ef43287c213013287cb62cc0003',NULL,NULL,NULL,'08软件工程2','200830690229',NULL,NULL,NULL,NULL,NULL),('200830690302','陈权',NULL,NULL,NULL,NULL,'2c9a8ef43287c213013287cb62cc0003',NULL,NULL,NULL,'08软件工程3','200830690302',NULL,NULL,NULL,NULL,NULL),('200830690305','关宇勇',NULL,NULL,NULL,NULL,'2c9a8ef43287c213013287cb62cc0003',NULL,NULL,NULL,'08软件工程3','200830690305',NULL,NULL,NULL,NULL,NULL),('200830690307','贺明',NULL,NULL,NULL,NULL,'2c9a8ef43287c213013287cb62cc0003',NULL,NULL,NULL,'08软件工程3','200830690307',NULL,NULL,NULL,NULL,NULL),('200830690310','李孔民',NULL,NULL,NULL,NULL,'2c9a8ef43287c213013287cb62cc0003',NULL,NULL,NULL,'08软件工程3','200830690310',NULL,NULL,NULL,NULL,NULL),('200830690312','李祖佑',NULL,NULL,NULL,NULL,'2c9a8ef43287c213013287cb62cc0003',NULL,NULL,NULL,'08软件工程3','200830690312',NULL,NULL,NULL,NULL,NULL),('200830690314','梁晓翔',NULL,NULL,NULL,NULL,'2c9a8ef43287c213013287cb62cc0003',NULL,NULL,NULL,'08软件工程3','200830690314',NULL,NULL,NULL,NULL,NULL),('200830690317','林惠琴',NULL,NULL,NULL,NULL,'2c9a8ef43287c213013287cb62cc0003',NULL,NULL,NULL,'08软件工程3','200830690317',NULL,NULL,NULL,NULL,NULL),('200830690318','刘帅',NULL,NULL,NULL,NULL,'2c9a8ef43287c213013287cb62cc0003',NULL,NULL,NULL,'08软件工程3','200830690318',NULL,NULL,NULL,NULL,NULL),('200830690320','邱路达',NULL,NULL,NULL,NULL,'2c9a8ef43287c213013287cb62cc0003',NULL,NULL,NULL,'08软件工程3','200830690320',NULL,NULL,NULL,NULL,NULL),('200830690322','王子健',NULL,NULL,NULL,NULL,'2c9a8ef43287c213013287cb62cc0003',NULL,NULL,NULL,'08软件工程3','200830690322',NULL,NULL,NULL,NULL,NULL),('200830690323','翁镇森',NULL,NULL,NULL,NULL,'2c9a8ef43287c213013287cb62cc0003',NULL,NULL,NULL,'08软件工程3','200830690323',NULL,NULL,NULL,NULL,NULL),('200830690324','吴盛满',NULL,NULL,NULL,NULL,'2c9a8ef43287c213013287cb62cc0003',NULL,NULL,NULL,'08软件工程3','200830690324',NULL,NULL,NULL,NULL,NULL),('200830690329','周家嗣',NULL,NULL,NULL,NULL,'2c9a8ef43287c213013287cb62cc0003',NULL,NULL,NULL,'08软件工程3','200830690329',NULL,NULL,NULL,NULL,NULL),('200830720109','黄嘉荣',NULL,NULL,NULL,NULL,'2c9a8ef43287c213013287cb62cc0003',NULL,NULL,NULL,'08网络工程1','200830720109',NULL,NULL,NULL,NULL,NULL),('200830720112','江钊伟',NULL,NULL,NULL,NULL,'2c9a8ef43287c213013287cb62cc0003',NULL,NULL,NULL,'08网络工程1','200830720112',NULL,NULL,NULL,NULL,NULL),('200830720119','邱子超',NULL,NULL,NULL,NULL,'2c9a8ef43287c213013287cb62cc0003',NULL,NULL,NULL,'08网络工程1','200830720119',NULL,NULL,NULL,NULL,NULL),('200830720126','吴智良',NULL,NULL,NULL,NULL,'2c9a8ef43287c213013287cb62cc0003',NULL,NULL,NULL,'08网络工程1','200830720126',NULL,NULL,NULL,NULL,NULL),('200830720202','陈鹏',NULL,NULL,NULL,NULL,'2c9a8ef43287c213013287cb62cc0003',NULL,NULL,NULL,'08网络工程2','200830720202',NULL,NULL,NULL,NULL,NULL),('200830720207','崔婉玲',NULL,NULL,NULL,NULL,'2c9a8ef43287c213013287cb62cc0003',NULL,NULL,NULL,'08网络工程2','200830720207',NULL,NULL,NULL,NULL,NULL),('200830720212','李东浩',NULL,NULL,NULL,NULL,'2c9a8ef43287c213013287cb62cc0003',NULL,NULL,NULL,'08网络工程2','200830720212',NULL,NULL,NULL,NULL,NULL),('200830720215','李植林',NULL,NULL,NULL,NULL,'2c9a8ef43287c213013287cb62cc0003',NULL,NULL,NULL,'08网络工程2','200830720215',NULL,NULL,NULL,NULL,NULL),('200830720216','林俊杰',NULL,NULL,NULL,NULL,'2c9a8ef43287c213013287cb62cc0003',NULL,NULL,NULL,'08网络工程2','200830720216',NULL,NULL,NULL,NULL,NULL),('200830720217','林树基',NULL,NULL,NULL,NULL,'2c9a8ef43287c213013287cb62cc0003',NULL,NULL,NULL,'08网络工程2','200830720217',NULL,NULL,NULL,NULL,NULL),('200830720220','阮伟聪',NULL,NULL,NULL,NULL,'2c9a8ef43287c213013287cb62cc0003',NULL,NULL,NULL,'08网络工程2','200830720220',NULL,NULL,NULL,NULL,NULL),('200830720224','徐兵',NULL,NULL,NULL,NULL,'2c9a8ef43287c213013287cb62cc0003',NULL,NULL,NULL,'08网络工程2','200830720224',NULL,NULL,NULL,NULL,NULL),('200830720228','余梅忠',NULL,NULL,NULL,NULL,'2c9a8ef43287c213013287cb62cc0003',NULL,NULL,NULL,'08网络工程2','200830720228',NULL,NULL,NULL,NULL,NULL),('200830720301','蔡子聪',NULL,NULL,NULL,NULL,'2c9a8ef43287c213013287cb62cc0003',NULL,NULL,NULL,'08网络工程3','200830720301',NULL,NULL,NULL,NULL,NULL),('200830720304','陈俊佳',NULL,NULL,NULL,NULL,'2c9a8ef43287c213013287cb62cc0003',NULL,NULL,NULL,'08网络工程3','200830720304',NULL,NULL,NULL,NULL,NULL),('200830720309','傅俊谦',NULL,NULL,NULL,NULL,'2c9a8ef43287c213013287cb62cc0003',NULL,NULL,NULL,'08网络工程3','200830720309',NULL,NULL,NULL,NULL,NULL),('200830720315','罗成煜',NULL,NULL,NULL,NULL,'2c9a8ef43287c213013287cb62cc0003',NULL,NULL,NULL,'08网络工程3','200830720315',NULL,NULL,NULL,NULL,NULL),('200830720324','谢杰宇',NULL,NULL,NULL,NULL,'2c9a8ef43287c213013287cb62cc0003',NULL,NULL,NULL,'08网络工程3','200830720324',NULL,NULL,NULL,NULL,NULL),('200830720402','陈海铭',NULL,NULL,NULL,NULL,'2c9a8ef43287c213013287cb62cc0003',NULL,NULL,NULL,'08网络工程4','200830720402',NULL,NULL,NULL,NULL,NULL),('200830720408','黄威翔',NULL,NULL,NULL,NULL,'2c9a8ef43287c213013287cb62cc0003',NULL,NULL,NULL,'08网络工程4','200830720408',NULL,NULL,NULL,NULL,NULL),('200830720409','黄伟锋',NULL,NULL,NULL,NULL,'2c9a8ef43287c213013287cb62cc0003',NULL,NULL,NULL,'08网络工程4','200830720409',NULL,NULL,NULL,NULL,NULL),('200830720412','李显龙',NULL,NULL,NULL,NULL,'2c9a8ef43287c213013287cb62cc0003',NULL,NULL,NULL,'08网络工程4','200830720412',NULL,NULL,NULL,NULL,NULL),('200830720421','吴志成',NULL,NULL,NULL,NULL,'2c9a8ef43287c213013287cb62cc0003',NULL,NULL,NULL,'08网络工程4','200830720421',NULL,NULL,NULL,NULL,NULL),('200830740101','陈境雄',NULL,NULL,NULL,NULL,'2c9a8ef43287c213013287cb62cc0003',NULL,NULL,NULL,'08计算机1','200830740101',NULL,NULL,NULL,NULL,NULL),('200830740102','陈瑞演',NULL,NULL,NULL,NULL,'2c9a8ef43287c213013287cb62cc0003',NULL,NULL,NULL,'08计算机1','200830740102',NULL,NULL,NULL,NULL,NULL),('200830740103','陈思进',NULL,NULL,NULL,NULL,'2c9a8ef43287c213013287cb62cc0003',NULL,NULL,NULL,'08计算机1','200830740103',NULL,NULL,NULL,NULL,NULL),('200830740108','樊文达',NULL,NULL,NULL,NULL,'2c9a8ef43287c213013287cb62cc0003',NULL,NULL,NULL,'08计算机1','200830740108',NULL,NULL,NULL,NULL,NULL),('200830740111','黄狄敏',NULL,NULL,NULL,NULL,'2c9a8ef43287c213013287cb62cc0003',NULL,NULL,NULL,'08计算机1','200830740111',NULL,NULL,NULL,NULL,NULL),('200830740112','黄嘉祺',NULL,NULL,NULL,NULL,'2c9a8ef43287c213013287cb62cc0003',NULL,NULL,NULL,'08计算机1','200830740112',NULL,NULL,NULL,NULL,NULL),('200830740114','李鹏飞',NULL,NULL,NULL,NULL,'2c9a8ef43287c213013287cb62cc0003',NULL,NULL,NULL,'08计算机1','200830740114',NULL,NULL,NULL,NULL,NULL),('200830740115','梁梓毅',NULL,NULL,NULL,NULL,'2c9a8ef43287c213013287cb62cc0003',NULL,NULL,NULL,'08计算机1','200830740115',NULL,NULL,NULL,NULL,NULL),('200830740117','林陆项',NULL,NULL,NULL,NULL,'2c9a8ef43287c213013287cb62cc0003',NULL,NULL,NULL,'08计算机1','200830740117',NULL,NULL,NULL,NULL,NULL),('200830740120','刘艺',NULL,NULL,NULL,NULL,'2c9a8ef43287c213013287cb62cc0003',NULL,NULL,NULL,'08计算机1','200830740120',NULL,NULL,NULL,NULL,NULL),('200830740122','罗盛曦',NULL,NULL,NULL,NULL,'2c9a8ef43287c213013287cb62cc0003',NULL,NULL,NULL,'08计算机1','200830740122',NULL,NULL,NULL,NULL,NULL),('200830740124','石晓冲',NULL,NULL,NULL,NULL,'2c9a8ef43287c213013287cb62cc0003',NULL,NULL,NULL,'08计算机1','200830740124',NULL,NULL,NULL,NULL,NULL),('200830740126','苏天波',NULL,NULL,NULL,NULL,'2c9a8ef43287c213013287cb62cc0003',NULL,NULL,NULL,'08计算机1','200830740126',NULL,NULL,NULL,NULL,NULL),('200830740127','吴基科',NULL,NULL,NULL,NULL,'2c9a8ef43287c213013287cb62cc0003',NULL,NULL,NULL,'08计算机1','200830740127',NULL,NULL,NULL,NULL,NULL),('200830740128','吴饶顺',NULL,NULL,NULL,NULL,'2c9a8ef43287c213013287cb62cc0003',NULL,NULL,NULL,'08计算机1','200830740128',NULL,NULL,NULL,NULL,NULL),('200830740129','叶金添',NULL,NULL,NULL,NULL,'2c9a8ef43287c213013287cb62cc0003',NULL,NULL,NULL,'08计算机1','200830740129',NULL,NULL,NULL,NULL,NULL),('200830740130','叶伟伦',NULL,NULL,NULL,NULL,'2c9a8ef43287c213013287cb62cc0003',NULL,NULL,NULL,'08计算机1','200830740130',NULL,NULL,NULL,NULL,NULL),('200830740131','叶晓斌',NULL,NULL,NULL,NULL,'2c9a8ef43287c213013287cb62cc0003',NULL,NULL,NULL,'08计算机1','200830740131',NULL,NULL,NULL,NULL,NULL),('200830740132','袁浩良',NULL,NULL,NULL,NULL,'2c9a8ef43287c213013287cb62cc0003',NULL,NULL,NULL,'08计算机1','200830740132',NULL,NULL,NULL,NULL,NULL),('200830740133','陈颁杰',NULL,NULL,NULL,NULL,'2c9a8ef43287c213013287cb62cc0003',NULL,NULL,NULL,'08计算机1','200830740133',NULL,NULL,NULL,NULL,NULL),('200830740201','陈炳东',NULL,NULL,NULL,NULL,'2c9a8ef43287c213013287cb62cc0003',NULL,NULL,NULL,'08计算机2','200830740201',NULL,NULL,NULL,NULL,NULL),('200830740202','陈楚宇',NULL,NULL,NULL,NULL,'2c9a8ef43287c213013287cb62cc0003',NULL,NULL,NULL,'08计算机2','200830740202',NULL,NULL,NULL,NULL,NULL),('200830740203','陈烈樟',NULL,NULL,NULL,NULL,'2c9a8ef43287c213013287cb62cc0003',NULL,NULL,NULL,'08计算机2','200830740203',NULL,NULL,NULL,NULL,NULL),('200830740204','陈韶华',NULL,NULL,NULL,NULL,'2c9a8ef43287c213013287cb62cc0003',NULL,NULL,NULL,'08计算机2','200830740204',NULL,NULL,NULL,NULL,NULL),('200830740205','陈柱深',NULL,NULL,NULL,NULL,'2c9a8ef43287c213013287cb62cc0003',NULL,NULL,NULL,'08计算机2','200830740205',NULL,NULL,NULL,NULL,NULL),('200830740206','邓毅',NULL,NULL,NULL,NULL,'2c9a8ef43287c213013287cb62cc0003',NULL,NULL,NULL,'08计算机2','200830740206',NULL,NULL,NULL,NULL,NULL),('200830740207','何家辉',NULL,NULL,NULL,NULL,'2c9a8ef43287c213013287cb62cc0003',NULL,NULL,NULL,'08计算机2','200830740207',NULL,NULL,NULL,NULL,NULL),('200830740208','黄国强',NULL,NULL,NULL,NULL,'2c9a8ef43287c213013287cb62cc0003',NULL,NULL,NULL,'08计算机2','200830740208',NULL,NULL,NULL,NULL,NULL),('200830740209','黄培森',NULL,NULL,NULL,NULL,'2c9a8ef43287c213013287cb62cc0003',NULL,NULL,NULL,'08计算机2','200830740209',NULL,NULL,NULL,NULL,NULL),('200830740212','黎骏昊',NULL,NULL,NULL,NULL,'2c9a8ef43287c213013287cb62cc0003',NULL,NULL,NULL,'08计算机2','200830740212',NULL,NULL,NULL,NULL,NULL),('200830740213','梁浩斌',NULL,NULL,NULL,NULL,'2c9a8ef43287c213013287cb62cc0003',NULL,NULL,NULL,'08计算机2','200830740213',NULL,NULL,NULL,NULL,NULL),('200830740217','林文聘',NULL,NULL,NULL,NULL,'2c9a8ef43287c213013287cb62cc0003',NULL,NULL,NULL,'08计算机2','200830740217',NULL,NULL,NULL,NULL,NULL),('200830740218','刘晓霞',NULL,NULL,NULL,NULL,'2c9a8ef43287c213013287cb62cc0003',NULL,NULL,NULL,'08计算机2','200830740218',NULL,NULL,NULL,NULL,NULL),('200830740220','王帝华',NULL,NULL,NULL,NULL,'2c9a8ef43287c213013287cb62cc0003',NULL,NULL,NULL,'08计算机2','200830740220',NULL,NULL,NULL,NULL,NULL),('200830740223','肖浩彬',NULL,NULL,NULL,NULL,'2c9a8ef43287c213013287cb62cc0003',NULL,NULL,NULL,'08计算机2','200830740223',NULL,NULL,NULL,NULL,NULL),('200830740226','张维熙',NULL,NULL,NULL,NULL,'2c9a8ef43287c213013287cb62cc0003',NULL,NULL,NULL,'08计算机2','200830740226',NULL,NULL,NULL,NULL,NULL),('200830740227','张裕豪',NULL,NULL,NULL,NULL,'2c9a8ef43287c213013287cb62cc0003',NULL,NULL,NULL,'08计算机2','200830740227',NULL,NULL,NULL,NULL,NULL),('200830740228','张志权',NULL,NULL,NULL,NULL,'2c9a8ef43287c213013287cb62cc0003',NULL,NULL,NULL,'08计算机2','200830740228',NULL,NULL,NULL,NULL,NULL),('200830740229','张子超',NULL,NULL,NULL,NULL,'2c9a8ef43287c213013287cb62cc0003',NULL,NULL,NULL,'08计算机2','200830740229',NULL,NULL,NULL,NULL,NULL),('200830740230','钟泽明',NULL,NULL,NULL,NULL,'2c9a8ef43287c213013287cb62cc0003',NULL,NULL,NULL,'08计算机2','200830740230',NULL,NULL,NULL,NULL,NULL),('200830740231','周佳然',NULL,NULL,NULL,NULL,'2c9a8ef43287c213013287cb62cc0003',NULL,NULL,NULL,'08计算机2','200830740231',NULL,NULL,NULL,NULL,NULL),('200830740232','周锦淑',NULL,NULL,NULL,NULL,'2c9a8ef43287c213013287cb62cc0003',NULL,NULL,NULL,'08计算机2','200830740232',NULL,NULL,NULL,NULL,NULL),('200830740301','陈浩',NULL,NULL,NULL,NULL,'2c9a8ef43287c213013287cb62cc0003',NULL,NULL,NULL,'08计算机3','200830740301',NULL,NULL,NULL,NULL,NULL),('200830740303','陈佳林',NULL,NULL,NULL,NULL,'2c9a8ef43287c213013287cb62cc0003',NULL,NULL,NULL,'08计算机3','200830740303',NULL,NULL,NULL,NULL,NULL),('200830740305','陈凯',NULL,NULL,NULL,NULL,'2c9a8ef43287c213013287cb62cc0003',NULL,NULL,NULL,'08计算机3','200830740305',NULL,NULL,NULL,NULL,NULL),('200830740306','陈树钥',NULL,NULL,NULL,NULL,'2c9a8ef43287c213013287cb62cc0003',NULL,NULL,NULL,'08计算机3','200830740306',NULL,NULL,NULL,NULL,NULL),('200830740307','丁锦城',NULL,NULL,NULL,NULL,'2c9a8ef43287c213013287cb62cc0003',NULL,NULL,NULL,'08计算机3','200830740307',NULL,NULL,NULL,NULL,NULL),('200830740308','冯天然',NULL,NULL,NULL,NULL,'2c9a8ef43287c213013287cb62cc0003',NULL,NULL,NULL,'08计算机3','200830740308',NULL,NULL,NULL,NULL,NULL),('200830740309','何佳乐',NULL,NULL,NULL,NULL,'2c9a8ef43287c213013287cb62cc0003',NULL,NULL,NULL,'08计算机3','200830740309',NULL,NULL,NULL,NULL,NULL),('200830740313','李渊',NULL,NULL,NULL,NULL,'2c9a8ef43287c213013287cb62cc0003',NULL,NULL,NULL,'08计算机3','200830740313',NULL,NULL,NULL,NULL,NULL),('200830740318','王广博',NULL,NULL,NULL,NULL,'2c9a8ef43287c213013287cb62cc0003',NULL,NULL,NULL,'08计算机3','200830740318',NULL,NULL,NULL,NULL,NULL),('200830740319','王诗宇',NULL,NULL,NULL,NULL,'2c9a8ef43287c213013287cb62cc0003',NULL,NULL,NULL,'08计算机3','200830740319',NULL,NULL,NULL,NULL,NULL),('200830740320','吴鉴涛',NULL,NULL,NULL,NULL,'2c9a8ef43287c213013287cb62cc0003',NULL,NULL,NULL,'08计算机3','200830740320',NULL,NULL,NULL,NULL,NULL),('200830740321','吴泽明',NULL,NULL,NULL,NULL,'2c9a8ef43287c213013287cb62cc0003',NULL,NULL,NULL,'08计算机3','200830740321',NULL,NULL,NULL,NULL,NULL),('200830740322','谢亦昉',NULL,NULL,NULL,NULL,'2c9a8ef43287c213013287cb62cc0003',NULL,NULL,NULL,'08计算机3','200830740322',NULL,NULL,NULL,NULL,NULL),('200830740324','姚焕坤',NULL,NULL,NULL,NULL,'2c9a8ef43287c213013287cb62cc0003',NULL,NULL,NULL,'08计算机3','200830740324',NULL,NULL,NULL,NULL,NULL),('200830740326','袁文伟',NULL,NULL,NULL,NULL,'2c9a8ef43287c213013287cb62cc0003',NULL,NULL,NULL,'08计算机3','200830740326',NULL,NULL,NULL,NULL,NULL),('200830740327','袁一萌',NULL,NULL,NULL,NULL,'2c9a8ef43287c213013287cb62cc0003',NULL,NULL,NULL,'08计算机3','200830740327',NULL,NULL,NULL,NULL,NULL),('200830740328','郑宁源',NULL,NULL,NULL,NULL,'2c9a8ef43287c213013287cb62cc0003',NULL,NULL,NULL,'08计算机3','200830740328',NULL,NULL,NULL,NULL,NULL),('200830740329','钟育权',NULL,NULL,NULL,NULL,'2c9a8ef43287c213013287cb62cc0003',NULL,NULL,NULL,'08计算机3','200830740329',NULL,NULL,NULL,NULL,NULL),('200830740331','朱茂肖',NULL,NULL,NULL,NULL,'2c9a8ef43287c213013287cb62cc0003',NULL,NULL,NULL,'08计算机3','200830740331',NULL,NULL,NULL,NULL,NULL),('200830740332','邹崇',NULL,NULL,NULL,NULL,'2c9a8ef43287c213013287cb62cc0003',NULL,NULL,NULL,'08计算机3','200830740332',NULL,NULL,NULL,NULL,NULL),('200830740401','岑超',NULL,NULL,NULL,NULL,'2c9a8ef43287c213013287cb62cc0003',NULL,NULL,NULL,'08计算机4','200830740401',NULL,NULL,NULL,NULL,NULL),('200830740403','邓涣文',NULL,NULL,NULL,NULL,'2c9a8ef43287c213013287cb62cc0003',NULL,NULL,NULL,'08计算机4','200830740403',NULL,NULL,NULL,NULL,NULL),('200830740404','高耿杰',NULL,NULL,NULL,NULL,'2c9a8ef43287c213013287cb62cc0003',NULL,NULL,NULL,'08计算机4','200830740404',NULL,NULL,NULL,NULL,NULL),('200830740405','何智能',NULL,NULL,NULL,NULL,'2c9a8ef43287c213013287cb62cc0003',NULL,NULL,NULL,'08计算机4','200830740405',NULL,NULL,NULL,NULL,NULL),('200830740406','胡骏',NULL,NULL,NULL,NULL,'2c9a8ef43287c213013287cb62cc0003',NULL,NULL,NULL,'08计算机4','200830740406',NULL,NULL,NULL,NULL,NULL),('200830740407','黄开发',NULL,NULL,NULL,NULL,'2c9a8ef43287c213013287cb62cc0003',NULL,NULL,NULL,'08计算机4','200830740407',NULL,NULL,NULL,NULL,NULL),('200830740408','黄康乾',NULL,NULL,NULL,NULL,'2c9a8ef43287c213013287cb62cc0003',NULL,NULL,NULL,'08计算机4','200830740408',NULL,NULL,NULL,NULL,NULL),('200830740409','黄少波',NULL,NULL,NULL,NULL,'2c9a8ef43287c213013287cb62cc0003',NULL,NULL,NULL,'08计算机4','200830740409',NULL,NULL,NULL,NULL,NULL),('200830740410','黄真',NULL,NULL,NULL,NULL,'2c9a8ef43287c213013287cb62cc0003',NULL,NULL,NULL,'08计算机4','200830740410',NULL,NULL,NULL,NULL,NULL),('200830740411','黄志鸿',NULL,NULL,NULL,NULL,'2c9a8ef43287c213013287cb62cc0003',NULL,NULL,NULL,'08计算机4','200830740411',NULL,NULL,NULL,NULL,NULL),('200830740412','柯茂森',NULL,NULL,NULL,NULL,'2c9a8ef43287c213013287cb62cc0003',NULL,NULL,NULL,'08计算机4','200830740412',NULL,NULL,NULL,NULL,NULL),('200830740413','李健保',NULL,NULL,NULL,NULL,'2c9a8ef43287c213013287cb62cc0003',NULL,NULL,NULL,'08计算机4','200830740413',NULL,NULL,NULL,NULL,NULL),('200830740414','李潇',NULL,NULL,NULL,NULL,'2c9a8ef43287c213013287cb62cc0003',NULL,NULL,NULL,'08计算机4','200830740414',NULL,NULL,NULL,NULL,NULL),('200830740418','林基远',NULL,NULL,NULL,NULL,'2c9a8ef43287c213013287cb62cc0003',NULL,NULL,NULL,'08计算机4','200830740418',NULL,NULL,NULL,NULL,NULL),('200830740420','刘潜',NULL,NULL,NULL,NULL,'2c9a8ef43287c213013287cb62cc0003',NULL,NULL,NULL,'08计算机4','200830740420',NULL,NULL,NULL,NULL,NULL),('200830740421','刘任越',NULL,NULL,NULL,NULL,'2c9a8ef43287c213013287cb62cc0003',NULL,NULL,NULL,'08计算机4','200830740421',NULL,NULL,NULL,NULL,NULL),('200830740430','张豪佳',NULL,NULL,NULL,NULL,'2c9a8ef43287c213013287cb62cc0003',NULL,NULL,NULL,'08计算机4','200830740430',NULL,NULL,NULL,NULL,NULL),('200830740431','张志伟',NULL,NULL,NULL,NULL,'2c9a8ef43287c213013287cb62cc0003',NULL,NULL,NULL,'08计算机4','200830740431',NULL,NULL,NULL,NULL,NULL),('200830740501','陈文晓',NULL,NULL,NULL,NULL,'2c9a8ef43287c213013287cb62cc0003',NULL,NULL,NULL,'08计算机5','200830740501',NULL,NULL,NULL,NULL,NULL),('200830740515','刘永清',NULL,NULL,NULL,NULL,'2c9a8ef43287c213013287cb62cc0003',NULL,NULL,NULL,'08计算机5','200830740515',NULL,NULL,NULL,NULL,NULL),('200830740519','邱泽棠',NULL,NULL,NULL,NULL,'2c9a8ef43287c213013287cb62cc0003',NULL,NULL,NULL,'08计算机5','200830740519',NULL,NULL,NULL,NULL,NULL),('3','学生3',NULL,NULL,NULL,NULL,'2c9a8ef43287c213013287cb62cc0003',NULL,NULL,NULL,'XXXXXX','3',NULL,NULL,NULL,NULL,NULL),('4','学生4',NULL,NULL,NULL,NULL,'2c9a8ef43287c213013287cb62cc0003',NULL,NULL,NULL,'XXXXXX','4',NULL,NULL,NULL,NULL,NULL),('5','学生5',NULL,NULL,NULL,NULL,'2c9a8ef43287c213013287cb62cc0003',NULL,NULL,NULL,'XXXXXX','5',NULL,NULL,NULL,NULL,NULL),('6','学生6',NULL,NULL,NULL,NULL,'2c9a8ef43287c213013287cb62cc0003',NULL,NULL,NULL,'XXXXXX','6',NULL,NULL,NULL,NULL,NULL),('7','学生7',NULL,NULL,NULL,NULL,'2c9a8ef43287c213013287cb62cc0003',NULL,NULL,NULL,'XXXXXX','7',NULL,NULL,NULL,NULL,NULL),('8','学生8',NULL,NULL,NULL,NULL,'2c9a8ef43287c213013287cb62cc0003',NULL,NULL,NULL,'XXXXXX','8',NULL,NULL,NULL,NULL,NULL),('9','学生9',NULL,NULL,NULL,NULL,'2c9a8ef43287c213013287cb62cc0003',NULL,NULL,NULL,'XXXXXX','9',NULL,NULL,NULL,NULL,NULL);
/*!40000 ALTER TABLE `std_info` ENABLE KEYS */;
UNLOCK TABLES;

--
-- Table structure for table `student`
--

DROP TABLE IF EXISTS `student`;
/*!40101 SET @saved_cs_client     = @@character_set_client */;
/*!40101 SET character_set_client = utf8 */;
CREATE TABLE `student` (
  `stdId` varchar(32) NOT NULL,
  `name` varchar(32) DEFAULT NULL,
  `password` varchar(32) NOT NULL,
  `classId` char(32) DEFAULT NULL,
  PRIMARY KEY (`stdId`)
) ENGINE=InnoDB DEFAULT CHARSET=utf8;
/*!40101 SET character_set_client = @saved_cs_client */;

--
-- Dumping data for table `student`
--

LOCK TABLES `student` WRITE;
/*!40000 ALTER TABLE `student` DISABLE KEYS */;
INSERT INTO `student` VALUES ('11',NULL,'96e79218965eb72c92a549dd5a330112',NULL),('12',NULL,'8fce57f9a32a64016f7bf048f81060a8',NULL),('13',NULL,'bd79227d037f64530d7bcca8cfec0e0c',NULL),('14',NULL,'b0b17c65c3150577b6dc683d69317fa7',NULL),('16',NULL,'96e79218965eb72c92a549dd5a330112',NULL),('17',NULL,'96e79218965eb72c92a549dd5a330112',NULL),('200830670110',NULL,'49b7a8d7b1a3e801470d0292b97af2ff',NULL),('200830690104',NULL,'96e79218965eb72c92a549dd5a330112',NULL),('200830690105',NULL,'96e79218965eb72c92a549dd5a330112',NULL),('200830690106',NULL,'96e79218965eb72c92a549dd5a330112',NULL),('200830690107',NULL,'96e79218965eb72c92a549dd5a330112',NULL),('200830690108',NULL,'96e79218965eb72c92a549dd5a330112',NULL),('200830690109',NULL,'96e79218965eb72c92a549dd5a330112',NULL),('200830690111',NULL,'96e79218965eb72c92a549dd5a330112',NULL),('200830690112',NULL,'1275e9bbdeb38514350387398caae586',NULL),('200830690113',NULL,'0b5af211c1b078d4f876d8ee517f1346',NULL),('200830690115',NULL,'a824cdffcee43e8aed3d7899f5ddef77',NULL),('200830690117',NULL,'96e79218965eb72c92a549dd5a330112',NULL),('200830690119',NULL,'96e79218965eb72c92a549dd5a330112',NULL),('200830690123',NULL,'96e79218965eb72c92a549dd5a330112',NULL),('200830690124',NULL,'96e79218965eb72c92a549dd5a330112',NULL),('200830690125',NULL,'96e79218965eb72c92a549dd5a330112',NULL),('200830690126',NULL,'96e79218965eb72c92a549dd5a330112',NULL),('200830690128',NULL,'96e79218965eb72c92a549dd5a330112',NULL),('200830690201',NULL,'96e79218965eb72c92a549dd5a330112',NULL),('200830690203',NULL,'96e79218965eb72c92a549dd5a330112',NULL),('200830690204',NULL,'96e79218965eb72c92a549dd5a330112',NULL),('200830690205',NULL,'96e79218965eb72c92a549dd5a330112',NULL),('200830690206',NULL,'96e79218965eb72c92a549dd5a330112',NULL),('200830690207',NULL,'96e79218965eb72c92a549dd5a330112',NULL),('200830690208',NULL,'96e79218965eb72c92a549dd5a330112',NULL),('200830690209',NULL,'96e79218965eb72c92a549dd5a330112',NULL),('200830690210',NULL,'96e79218965eb72c92a549dd5a330112',NULL),('200830690212',NULL,'96e79218965eb72c92a549dd5a330112',NULL),('200830690213',NULL,'96e79218965eb72c92a549dd5a330112',NULL),('200830690215',NULL,'96e79218965eb72c92a549dd5a330112',NULL),('200830690217',NULL,'96e79218965eb72c92a549dd5a330112',NULL),('200830690219',NULL,'96e79218965eb72c92a549dd5a330112',NULL),('200830690220',NULL,'96e79218965eb72c92a549dd5a330112',NULL),('200830690221',NULL,'96e79218965eb72c92a549dd5a330112',NULL),('200830690223',NULL,'96e79218965eb72c92a549dd5a330112',NULL),('200830690224',NULL,'96e79218965eb72c92a549dd5a330112',NULL),('200830690227',NULL,'96e79218965eb72c92a549dd5a330112',NULL),('200830690228',NULL,'96e79218965eb72c92a549dd5a330112',NULL),('200830690229',NULL,'96e79218965eb72c92a549dd5a330112',NULL),('200830690302',NULL,'96e79218965eb72c92a549dd5a330112',NULL),('200830690305',NULL,'96e79218965eb72c92a549dd5a330112',NULL),('200830690307',NULL,'96e79218965eb72c92a549dd5a330112',NULL),('200830690310',NULL,'96e79218965eb72c92a549dd5a330112',NULL),('200830690312',NULL,'96e79218965eb72c92a549dd5a330112',NULL),('200830690314',NULL,'96e79218965eb72c92a549dd5a330112',NULL),('200830690317',NULL,'dfb8041dc392a87fb07c5b2c8dea3426',NULL),('200830690318',NULL,'96e79218965eb72c92a549dd5a330112',NULL),('200830690320',NULL,'96e79218965eb72c92a549dd5a330112',NULL),('200830690322',NULL,'96e79218965eb72c92a549dd5a330112',NULL),('200830690323',NULL,'96e79218965eb72c92a549dd5a330112',NULL),('200830690324',NULL,'96e79218965eb72c92a549dd5a330112',NULL),('200830690329',NULL,'96e79218965eb72c92a549dd5a330112',NULL),('200830720109',NULL,'96e79218965eb72c92a549dd5a330112',NULL),('200830720112',NULL,'63f2f9c8a60819575f9dd973a2dd30fe',NULL),('200830720119',NULL,'2c05abe0a3b40762566ad14ee9586a2f',NULL),('200830720126',NULL,'68ca1b3518bcfe7c2d70dbbbeaef4c7d',NULL),('200830720202',NULL,'96e79218965eb72c92a549dd5a330112',NULL),('200830720207',NULL,'96e79218965eb72c92a549dd5a330112',NULL),('200830720212',NULL,'96e79218965eb72c92a549dd5a330112',NULL),('200830720215',NULL,'96e79218965eb72c92a549dd5a330112',NULL),('200830720216',NULL,'96e79218965eb72c92a549dd5a330112',NULL),('200830720217',NULL,'96e79218965eb72c92a549dd5a330112',NULL),('200830720220',NULL,'96e79218965eb72c92a549dd5a330112',NULL),('200830720224',NULL,'96e79218965eb72c92a549dd5a330112',NULL),('200830720228',NULL,'a42b72b9bfbfe9e77d5f42b7430a1c08',NULL),('200830720301',NULL,'96e79218965eb72c92a549dd5a330112',NULL),('200830720304',NULL,'e35a531e173b5c1c4d9d87e353da3ab2',NULL),('200830720309',NULL,'ff41578aaa3df6bd2a48e9741751795a',NULL),('200830720315',NULL,'96e79218965eb72c92a549dd5a330112',NULL),('200830720324',NULL,'c52b5b1b713f44602425b689795329fc',NULL),('200830720402',NULL,'96e79218965eb72c92a549dd5a330112',NULL),('200830720408',NULL,'96e79218965eb72c92a549dd5a330112',NULL),('200830720409',NULL,'96e79218965eb72c92a549dd5a330112',NULL),('200830720412',NULL,'33b08b34551952fd9923aa69a56a37d9',NULL),('200830720421',NULL,'96e79218965eb72c92a549dd5a330112',NULL),('200830740101',NULL,'a265a777a4ed51a8bf9de39baad94cc2',NULL),('200830740102',NULL,'3a9a30c9614e0e9c0774f1abda03c016',NULL),('200830740103',NULL,'96e79218965eb72c92a549dd5a330112',NULL),('200830740108',NULL,'faa12ff4aa3ce990b17672e778b1640b',NULL),('200830740111',NULL,'274ac054b1fb647d6e4ac51834582a38',NULL),('200830740112',NULL,'96e79218965eb72c92a549dd5a330112',NULL),('200830740114',NULL,'f7a1c2d4c25d7a3846d5c06721f853c2',NULL),('200830740115',NULL,'96e79218965eb72c92a549dd5a330112',NULL),('200830740117',NULL,'96e79218965eb72c92a549dd5a330112',NULL),('200830740120',NULL,'b4bfd38e7e6d9e842faac3652902b453',NULL),('200830740122',NULL,'96e79218965eb72c92a549dd5a330112',NULL),('200830740124',NULL,'96e79218965eb72c92a549dd5a330112',NULL),('200830740126',NULL,'01bfe6115ea653d2ae4c4c0cb28ca8e4',NULL),('200830740127',NULL,'f14526234121111aebe3d49edc3b20f6',NULL),('200830740128',NULL,'4f72cd61e37e43c690c7988171715757',NULL),('200830740129',NULL,'126a4382a887ebc955b8ab68ea72986b',NULL),('200830740130',NULL,'e7971f83563d5739101e5bf065b60b9e',NULL),('200830740131',NULL,'ee0e8aa7b8ca1e93d83a5357e9252723',NULL),('200830740132',NULL,'d8c5300b28704b732d135c52a9d2224a',NULL),('200830740133',NULL,'3afde74065d2f5ba291ce3defb140a1e',NULL),('200830740201',NULL,'9e119802d3dfa5d911f07d2d83e5ce73',NULL),('200830740202',NULL,'23ea76bd66492db3875849c5ba2cd74e',NULL),('200830740203',NULL,'84b49948137ab41b36dabdc7221d683b',NULL),('200830740204',NULL,'4180683e2dff358bfcabbc1c626a2de1',NULL),('200830740205',NULL,'6eb0cbe98ff6fc3f02076e714666e4e0',NULL),('200830740206',NULL,'d618eed92348153fd32ca7de17b03308',NULL),('200830740207',NULL,'96e79218965eb72c92a549dd5a330112',NULL),('200830740208',NULL,'96e79218965eb72c92a549dd5a330112',NULL),('200830740209',NULL,'7d5bb51d9fd1045d418b132d59e5e770',NULL),('200830740212',NULL,'5c84ffad200285d9590af26f10781963',NULL),('200830740213',NULL,'96e79218965eb72c92a549dd5a330112',NULL),('200830740217',NULL,'7b276841e3104c40ecc73346d98296af',NULL),('200830740218',NULL,'650675c66fb3414b066ad671eb148e12',NULL),('200830740220',NULL,'f70a67efcd65b2b6e88db6e7d21c8753',NULL),('200830740223',NULL,'835ed7f01afad6ac8104539fe30e0767',NULL),('200830740226',NULL,'96e79218965eb72c92a549dd5a330112',NULL),('200830740227',NULL,'96e79218965eb72c92a549dd5a330112',NULL),('200830740228',NULL,'14f47a55890bf9a0d09c7778f8880300',NULL),('200830740229',NULL,'0661d289b1dab3b99b0223e91597d167',NULL),('200830740230',NULL,'124baea5986799a31a484b0cbb356573',NULL),('200830740231',NULL,'ea2a6d5d8987d402add31dc3407dfb4e',NULL),('200830740232',NULL,'96e79218965eb72c92a549dd5a330112',NULL),('200830740301',NULL,'fadd1ca956932ef151dd5be8daa17764',NULL),('200830740303',NULL,'dd9b9b6a6ccbef47b92d586633756dd5',NULL),('200830740305',NULL,'922edd1cb1fec9be03c7f2717435f899',NULL),('200830740306',NULL,'8b83de24fecde05ae7aa7c43785aff2f',NULL),('200830740307',NULL,'7544a81314a27798825a3cebf262caa2',NULL),('200830740308',NULL,'37621f7ea598d1b568c5e7a38ae47dd3',NULL),('200830740309',NULL,'d815b9699c87006a76bbecbe3fb6be1e',NULL),('200830740313',NULL,'ff0a6f21644228c239307903eecd2cb7',NULL),('200830740318',NULL,'fc23e5bef235295ae54c46546c55c5ac',NULL),('200830740319',NULL,'7e9a53152e8ce2e6e1f931a114042230',NULL),('200830740320',NULL,'4cd33f4e11cb5590d6ae2b617f6c6485',NULL),('200830740321',NULL,'ff921069faca09902fa536990f61ccec',NULL),('200830740322',NULL,'1e120acb5ddef75a393b4c55a7bce874',NULL),('200830740324',NULL,'312411b9dc14be37364490382785fa73',NULL),('200830740326',NULL,'20f9b7a913e67d4b54359c74b87b80c9',NULL),('200830740327',NULL,'35c953e3223e25767909a287b39729da',NULL),('200830740328',NULL,'c93809978500fa34984a74b102e7bf46',NULL),('200830740329',NULL,'3338201752f654431478b604e96d9de5',NULL),('200830740331',NULL,'a10cba8156cc03e5ab70b4658d40dd11',NULL),('200830740332',NULL,'a2f3abc14d61d55161f6ff00b4863002',NULL),('200830740401',NULL,'05f8f46d7520f3b4d03eaf481a17459f',NULL),('200830740403',NULL,'19931f1a07acfc062479540738463eb6',NULL),('200830740404',NULL,'bf2371508b4df49b36d1e9a2d640b484',NULL),('200830740405',NULL,'d820bd12e2eec2ccc2403777eec0e025',NULL),('200830740406',NULL,'9b57b8a9404b2e85c746f132b9de0541',NULL),('200830740407',NULL,'067c194a1c1321b194962bfa3dbacefe',NULL),('200830740408',NULL,'ed034ec1fc4028aa8a6cfbc0fb6af76c',NULL),('200830740409',NULL,'59003fb05da3677cb317edb91fcc00a4',NULL),('200830740410',NULL,'e5036a02032676064339a82653afb592',NULL),('200830740411',NULL,'6b4206c9c80121e204ed26ea73bfea97',NULL),('200830740412',NULL,'0796ae2917d230ffc048f2580ccb2a06',NULL),('200830740413',NULL,'8aa4ad302069de2473b2a6777426dce2',NULL),('200830740414',NULL,'fe47f4f5fb7f8de32f7919dc8909896e',NULL),('200830740418',NULL,'0b39fe7f776c80f0266392c98617439d',NULL),('200830740420',NULL,'d050767c39bb774b3caae6df8c1e8cd0',NULL),('200830740421',NULL,'dc0f4a6f561399cb223b6d5fba382fd4',NULL),('200830740430',NULL,'723c4860ffb4e6c8a08b4486a0ae7e99',NULL),('200830740431',NULL,'148ef63bea993c17867ded5b2bffd7c2',NULL),('200830740501',NULL,'11e37688b44d87fd82f173e392ec7de8',NULL),('200830740515',NULL,'cebdc477e5830372e5844f830f36da2d',NULL),('200830740519',NULL,'653a64a4d02b19bd88a0489912455d9e',NULL),('3',NULL,'1d149aa8e814f30a02994172a4db53fa',NULL),('4',NULL,'360781a3e890f5b0b9c6b47e3940d614',NULL),('5',NULL,'bd60447e9ac76e91d68433de8bcc7f6a',NULL),('6',NULL,'8976804109bca4399e553c9855122b70',NULL),('7',NULL,'374bcab1b8803bba04ca342314a4a05d',NULL),('8',NULL,'a512fac73be6c375ffce257ce235bf44',NULL),('9',NULL,'f50417d34472ec3f620079a972c7b857',NULL);
/*!40000 ALTER TABLE `student` ENABLE KEYS */;
UNLOCK TABLES;

--
-- Table structure for table `submit_answer`
--

DROP TABLE IF EXISTS `submit_answer`;
/*!40101 SET @saved_cs_client     = @@character_set_client */;
/*!40101 SET character_set_client = utf8 */;
CREATE TABLE `submit_answer` (
  `id` char(32) NOT NULL,
  `stdId` varchar(32) NOT NULL,
  `questionId` char(32) NOT NULL,
  `examId` char(32) NOT NULL,
  `total` float DEFAULT NULL,
  `score` float NOT NULL,
  PRIMARY KEY (`id`),
  KEY `FK_Reference_14` (`stdId`),
  KEY `FK_Reference_16` (`questionId`),
  KEY `FK_Reference_42` (`examId`),
  CONSTRAINT `FK_Reference_14` FOREIGN KEY (`stdId`) REFERENCES `student` (`stdId`) ON DELETE CASCADE ON UPDATE CASCADE,
  CONSTRAINT `FK_Reference_16` FOREIGN KEY (`questionId`) REFERENCES `question` (`questionId`) ON DELETE CASCADE ON UPDATE CASCADE,
  CONSTRAINT `FK_Reference_42` FOREIGN KEY (`examId`) REFERENCES `exam` (`examId`) ON DELETE CASCADE ON UPDATE CASCADE
) ENGINE=InnoDB DEFAULT CHARSET=utf8;
/*!40101 SET character_set_client = @saved_cs_client */;

--
-- Dumping data for table `submit_answer`
--

LOCK TABLES `submit_answer` WRITE;
/*!40000 ALTER TABLE `submit_answer` DISABLE KEYS */;
/*!40000 ALTER TABLE `submit_answer` ENABLE KEYS */;
UNLOCK TABLES;

--
-- Table structure for table `survey`
--

DROP TABLE IF EXISTS `survey`;
/*!40101 SET @saved_cs_client     = @@character_set_client */;
/*!40101 SET character_set_client = utf8 */;
CREATE TABLE `survey` (
  `surveyId` char(32) NOT NULL,
  `examId` char(32) NOT NULL,
  `content` mediumtext NOT NULL,
  `type` tinyint(4) NOT NULL,
  PRIMARY KEY (`surveyId`),
  KEY `FK_Reference_31` (`examId`),
  CONSTRAINT `FK_Reference_31` FOREIGN KEY (`examId`) REFERENCES `exam` (`examId`) ON DELETE CASCADE ON UPDATE CASCADE
) ENGINE=InnoDB DEFAULT CHARSET=utf8;
/*!40101 SET character_set_client = @saved_cs_client */;

--
-- Dumping data for table `survey`
--

LOCK TABLES `survey` WRITE;
/*!40000 ALTER TABLE `survey` DISABLE KEYS */;
/*!40000 ALTER TABLE `survey` ENABLE KEYS */;
UNLOCK TABLES;

--
-- Table structure for table `survey_option`
--

DROP TABLE IF EXISTS `survey_option`;
/*!40101 SET @saved_cs_client     = @@character_set_client */;
/*!40101 SET character_set_client = utf8 */;
CREATE TABLE `survey_option` (
  `optionId` char(32) NOT NULL,
  `surveyId` char(32) NOT NULL,
  `content` mediumtext NOT NULL,
  `selectedCount` int(11) NOT NULL,
  PRIMARY KEY (`optionId`),
  KEY `FK_Reference_32` (`surveyId`),
  CONSTRAINT `FK_Reference_32` FOREIGN KEY (`surveyId`) REFERENCES `survey` (`surveyId`) ON DELETE CASCADE ON UPDATE CASCADE
) ENGINE=InnoDB DEFAULT CHARSET=utf8;
/*!40101 SET character_set_client = @saved_cs_client */;

--
-- Dumping data for table `survey_option`
--

LOCK TABLES `survey_option` WRITE;
/*!40000 ALTER TABLE `survey_option` DISABLE KEYS */;
/*!40000 ALTER TABLE `survey_option` ENABLE KEYS */;
UNLOCK TABLES;

--
-- Table structure for table `survey_record`
--

DROP TABLE IF EXISTS `survey_record`;
/*!40101 SET @saved_cs_client     = @@character_set_client */;
/*!40101 SET character_set_client = utf8 */;
CREATE TABLE `survey_record` (
  `id` char(32) NOT NULL,
  `surveyId` char(32) NOT NULL,
  `stdId` char(32) NOT NULL,
  PRIMARY KEY (`id`),
  KEY `FK_survey_record_1` (`stdId`),
  KEY `FK_survey_record_2` (`surveyId`),
  CONSTRAINT `FK_survey_record_1` FOREIGN KEY (`stdId`) REFERENCES `student` (`stdId`) ON DELETE CASCADE ON UPDATE CASCADE,
  CONSTRAINT `FK_survey_record_2` FOREIGN KEY (`surveyId`) REFERENCES `survey` (`surveyId`) ON DELETE CASCADE ON UPDATE CASCADE
) ENGINE=InnoDB DEFAULT CHARSET=utf8;
/*!40101 SET character_set_client = @saved_cs_client */;

--
-- Dumping data for table `survey_record`
--

LOCK TABLES `survey_record` WRITE;
/*!40000 ALTER TABLE `survey_record` DISABLE KEYS */;
/*!40000 ALTER TABLE `survey_record` ENABLE KEYS */;
UNLOCK TABLES;

--
-- Table structure for table `system_state`
--

DROP TABLE IF EXISTS `system_state`;
/*!40101 SET @saved_cs_client     = @@character_set_client */;
/*!40101 SET character_set_client = utf8 */;
CREATE TABLE `system_state` (
  `forTeacher` tinyint(1) NOT NULL,
  `forStudent` tinyint(1) NOT NULL,
  `id` varchar(32) NOT NULL,
  `canReg` tinyint(1) NOT NULL,
  PRIMARY KEY (`id`)
) ENGINE=InnoDB DEFAULT CHARSET=utf8;
/*!40101 SET character_set_client = @saved_cs_client */;

--
-- Dumping data for table `system_state`
--

LOCK TABLES `system_state` WRITE;
/*!40000 ALTER TABLE `system_state` DISABLE KEYS */;
INSERT INTO `system_state` VALUES (1,1,'1',1);
/*!40000 ALTER TABLE `system_state` ENABLE KEYS */;
UNLOCK TABLES;

--
-- Table structure for table `tag`
--

DROP TABLE IF EXISTS `tag`;
/*!40101 SET @saved_cs_client     = @@character_set_client */;
/*!40101 SET character_set_client = utf8 */;
CREATE TABLE `tag` (
  `courseId` char(32) NOT NULL,
  `tagId` char(32) NOT NULL,
  `tagName` varchar(32) NOT NULL,
  PRIMARY KEY (`tagId`),
  KEY `FK_Reference_19` (`courseId`),
  CONSTRAINT `FK_Reference_19` FOREIGN KEY (`courseId`) REFERENCES `course` (`courseId`) ON DELETE CASCADE ON UPDATE CASCADE
) ENGINE=InnoDB DEFAULT CHARSET=utf8;
/*!40101 SET character_set_client = @saved_cs_client */;

--
-- Dumping data for table `tag`
--

LOCK TABLES `tag` WRITE;
/*!40000 ALTER TABLE `tag` DISABLE KEYS */;
INSERT INTO `tag` VALUES ('2c9a8ef43287c213013287cafdc90002','2c9a8ef43287f354013287fb2734000b','3. Assignment'),('2c9a8ef43287c213013287cafdc90002','2c9a8ef43287f354013287fb559d000c','9. Threads'),('2c9a8ef43287c213013287cafdc90002','2c9a8ef43287f354013287fba342000e','1. Declaraion and Access Control'),('2c9a8ef43287c213013287cafdc90002','2c9a8ef4328a6ccf01328a90bb7d0003','8. Inner Classes'),('2c9a8ef43287c213013287cafdc90002','2c9a9087331b094901331b0ea7bc0009','6'),('2c9a8ef43287c213013287cafdc90002','2c9a9087331b094901331b0eb12e000a','656+');
/*!40000 ALTER TABLE `tag` ENABLE KEYS */;
UNLOCK TABLES;

--
-- Table structure for table `tea_contact_info`
--

DROP TABLE IF EXISTS `tea_contact_info`;
/*!40101 SET @saved_cs_client     = @@character_set_client */;
/*!40101 SET character_set_client = utf8 */;
CREATE TABLE `tea_contact_info` (
  `contackId` char(32) NOT NULL,
  `teacherId` char(32) NOT NULL,
  `content` varchar(100) NOT NULL,
  `type` tinyint(4) NOT NULL,
  PRIMARY KEY (`contackId`),
  KEY `FK_Reference_37` (`teacherId`),
  CONSTRAINT `FK_Reference_37` FOREIGN KEY (`teacherId`) REFERENCES `teacher` (`teacherId`) ON DELETE CASCADE ON UPDATE CASCADE
) ENGINE=InnoDB DEFAULT CHARSET=utf8;
/*!40101 SET character_set_client = @saved_cs_client */;

--
-- Dumping data for table `tea_contact_info`
--

LOCK TABLES `tea_contact_info` WRITE;
/*!40000 ALTER TABLE `tea_contact_info` DISABLE KEYS */;
/*!40000 ALTER TABLE `tea_contact_info` ENABLE KEYS */;
UNLOCK TABLES;

--
-- Table structure for table `teacher`
--

DROP TABLE IF EXISTS `teacher`;
/*!40101 SET @saved_cs_client     = @@character_set_client */;
/*!40101 SET character_set_client = utf8 */;
CREATE TABLE `teacher` (
  `teacherId` char(32) NOT NULL,
  `teacherName` varchar(32) NOT NULL,
  `password` varchar(32) NOT NULL,
  `super` tinyint(1) NOT NULL,
  `organId` char(32) DEFAULT NULL,
  PRIMARY KEY (`teacherId`)
) ENGINE=InnoDB DEFAULT CHARSET=utf8;
/*!40101 SET character_set_client = @saved_cs_client */;

--
-- Dumping data for table `teacher`
--

LOCK TABLES `teacher` WRITE;
/*!40000 ALTER TABLE `teacher` DISABLE KEYS */;
INSERT INTO `teacher` VALUES ('1','教师1','96e79218965eb72c92a549dd5a330112',1,'2c9a8ef43287c213013287ca9e7f0001'),('10','教师10','96e79218965eb72c92a549dd5a330112',1,NULL),('11','教师11','96e79218965eb72c92a549dd5a330112',1,NULL),('12','教师12','96e79218965eb72c92a549dd5a330112',1,NULL),('13','教师13','96e79218965eb72c92a549dd5a330112',1,NULL),('14','教师14','96e79218965eb72c92a549dd5a330112',1,NULL),('15','教师15','96e79218965eb72c92a549dd5a330112',1,NULL),('16','教师16','96e79218965eb72c92a549dd5a330112',1,NULL),('17','教师17','96e79218965eb72c92a549dd5a330112',1,NULL),('2','教师2','96e79218965eb72c92a549dd5a330112',1,NULL),('20','教师20','96e79218965eb72c92a549dd5a330112',1,NULL),('21','教师21','96e79218965eb72c92a549dd5a330112',1,NULL),('22','教师22','96e79218965eb72c92a549dd5a330112',1,NULL),('23','教师23','96e79218965eb72c92a549dd5a330112',1,NULL),('24','教师24','96e79218965eb72c92a549dd5a330112',1,NULL),('25','教师25','96e79218965eb72c92a549dd5a330112',1,NULL),('26','教师26','96e79218965eb72c92a549dd5a330112',1,NULL),('27','教师27','96e79218965eb72c92a549dd5a330112',1,NULL),('28','教师28','96e79218965eb72c92a549dd5a330112',1,NULL),('29','教师29','96e79218965eb72c92a549dd5a330112',1,NULL),('3','教师3','96e79218965eb72c92a549dd5a330112',1,NULL),('30','教师30','96e79218965eb72c92a549dd5a330112',1,NULL),('31','教师31','96e79218965eb72c92a549dd5a330112',1,NULL),('32','教师32','96e79218965eb72c92a549dd5a330112',1,NULL),('33','教师33','96e79218965eb72c92a549dd5a330112',1,NULL),('34','教师34','96e79218965eb72c92a549dd5a330112',1,NULL),('35','教师35','96e79218965eb72c92a549dd5a330112',1,NULL),('36','教师36','96e79218965eb72c92a549dd5a330112',1,NULL),('37','教师37','96e79218965eb72c92a549dd5a330112',1,NULL),('38','教师38','96e79218965eb72c92a549dd5a330112',1,NULL),('39','教师39','96e79218965eb72c92a549dd5a330112',1,NULL),('4','教师4','96e79218965eb72c92a549dd5a330112',1,NULL),('40','教师40','96e79218965eb72c92a549dd5a330112',1,NULL),('5','教师5','96e79218965eb72c92a549dd5a330112',1,NULL),('6','教师6','96e79218965eb72c92a549dd5a330112',1,NULL),('7','教师7','96e79218965eb72c92a549dd5a330112',1,NULL),('8','教师8','96e79218965eb72c92a549dd5a330112',1,NULL),('9','教师9','96e79218965eb72c92a549dd5a330112',1,NULL);
/*!40000 ALTER TABLE `teacher` ENABLE KEYS */;
UNLOCK TABLES;
/*!40103 SET TIME_ZONE=@OLD_TIME_ZONE */;

/*!40101 SET SQL_MODE=@OLD_SQL_MODE */;
/*!40014 SET FOREIGN_KEY_CHECKS=@OLD_FOREIGN_KEY_CHECKS */;
/*!40014 SET UNIQUE_CHECKS=@OLD_UNIQUE_CHECKS */;
/*!40101 SET CHARACTER_SET_CLIENT=@OLD_CHARACTER_SET_CLIENT */;
/*!40101 SET CHARACTER_SET_RESULTS=@OLD_CHARACTER_SET_RESULTS */;
/*!40101 SET COLLATION_CONNECTION=@OLD_COLLATION_CONNECTION */;
/*!40111 SET SQL_NOTES=@OLD_SQL_NOTES */;

-- Dump completed on 2011-10-20  8:42:32
